ID,TIEMPO_BOG,ESTRATO,sexoa,edada,ingresosa,estadocivila,educa,ocupa,asisteactividad,calidadinfoeventos,bogcultura,colorculturabog
1,30,2,MASCULINO,23-40,DE 2´213.152 A 2.950.868,SOLTERO (A) CON HIJOS,TECNOLOGO,ESTUDIO Y TRABAJO,NO,DEFICIENTE,OTROS,VERDE
1,30,2,MASCULINO,23-40,DE 2´213.152 A 2.950.868,SOLTERO (A) CON HIJOS,TECNOLOGO,ESTUDIO Y TRABAJO,NO,DEFICIENTE,MÚSICA,VERDE
1,30,2,MASCULINO,23-40,DE 2´213.152 A 2.950.868,SOLTERO (A) CON HIJOS,TECNOLOGO,ESTUDIO Y TRABAJO,NO,DEFICIENTE,OTROS,VERDE
3,18,2,MASCULINO,23-40,DE 737.718 A 1´475.434,SOLTERO (A) SIN HIJOS,SECUNDARIA,TRABAJO,NO,ACEPTABLE,ARTE,NEGRO
3,18,2,MASCULINO,23-40,DE 737.718 A 1´475.434,SOLTERO (A) SIN HIJOS,SECUNDARIA,TRABAJO,NO,ACEPTABLE,OTROS,NEGRO
3,18,2,MASCULINO,23-40,DE 737.718 A 1´475.434,SOLTERO (A) SIN HIJOS,SECUNDARIA,TRABAJO,NO,ACEPTABLE,OTROS,NEGRO
4,8,3,FEMENINO,23-40,MENOS DE 737.717,CASADO (A) CON HIJOS,TÉCNICO,ESTUDIO,NO,REGULAR,OTROS,BLANCO
4,8,3,FEMENINO,23-40,MENOS DE 737.717,CASADO (A) CON HIJOS,TÉCNICO,ESTUDIO,NO,REGULAR,EXPOSICIONES,BLANCO
4,8,3,FEMENINO,23-40,MENOS DE 737.717,CASADO (A) CON HIJOS,TÉCNICO,ESTUDIO,NO,REGULAR,OTROS,BLANCO
6,39,5,FEMENINO,23-40,DE 2´950.869 A 3´688.585,CASADO (A) CON HIJOS,POSTGRADO,ESTUDIO,NO,REGULAR,DIVERSIDAD.,VERDE
6,39,5,FEMENINO,23-40,DE 2´950.869 A 3´688.585,CASADO (A) CON HIJOS,POSTGRADO,ESTUDIO,NO,REGULAR,OTROS,VERDE
6,39,5,FEMENINO,23-40,DE 2´950.869 A 3´688.585,CASADO (A) CON HIJOS,POSTGRADO,ESTUDIO,NO,REGULAR,OTROS,VERDE
7,19,2,FEMENINO,15-22,NO PERCIBE INGRESOS,SOLTERO (A) SIN HIJOS,TÉCNICO,ESTUDIO,NO,DEFICIENTE,ALEGRIA,AMARILLO
7,19,2,FEMENINO,15-22,NO PERCIBE INGRESOS,SOLTERO (A) SIN HIJOS,TÉCNICO,ESTUDIO,NO,DEFICIENTE,OTROS,AMARILLO
7,19,2,FEMENINO,15-22,NO PERCIBE INGRESOS,SOLTERO (A) SIN HIJOS,TÉCNICO,ESTUDIO,NO,DEFICIENTE,MÚSICA,AMARILLO
8,19,3,FEMENINO,15-22,MENOS DE 737.717,SOLTERO (A) SIN HIJOS,TÉCNICO,ESTUDIO,NO,REGULAR,OTROS,NARANJA
8,19,3,FEMENINO,15-22,MENOS DE 737.717,SOLTERO (A) SIN HIJOS,TÉCNICO,ESTUDIO,NO,REGULAR,OTROS,NARANJA
8,19,3,FEMENINO,15-22,MENOS DE 737.717,SOLTERO (A) SIN HIJOS,TÉCNICO,ESTUDIO,NO,REGULAR,ARTE,NARANJA
9,3,3,FEMENINO,15-22,DE 737.718 A 1´475.434,SOLTERO (A) SIN HIJOS,SECUNDARIA,ESTUDIO,NO,DEFICIENTE,OTROS,ROJO
9,3,3,FEMENINO,15-22,DE 737.718 A 1´475.434,SOLTERO (A) SIN HIJOS,SECUNDARIA,ESTUDIO,NO,DEFICIENTE,OTROS,ROJO
9,3,3,FEMENINO,15-22,DE 737.718 A 1´475.434,SOLTERO (A) SIN HIJOS,SECUNDARIA,ESTUDIO,NO,DEFICIENTE,OTROS,ROJO
10,23,2,FEMENINO,23-40,DE 737.718 A 1´475.434,SOLTERO (A) SIN HIJOS,TÉCNICO,TRABAJO,NO,REGULAR,OTROS,ROJO
10,23,2,FEMENINO,23-40,DE 737.718 A 1´475.434,SOLTERO (A) SIN HIJOS,TÉCNICO,TRABAJO,NO,REGULAR,OTROS,ROJO
10,23,2,FEMENINO,23-40,DE 737.718 A 1´475.434,SOLTERO (A) SIN HIJOS,TÉCNICO,TRABAJO,NO,REGULAR,OTROS,ROJO
11,26,2,FEMENINO,23-40,DE 737.718 A 1´475.434,CASADO (A) SIN HIJOS,TÉCNICO,TRABAJO,NO,DEFICIENTE,OTROS,AZUL
11,26,2,FEMENINO,23-40,DE 737.718 A 1´475.434,CASADO (A) SIN HIJOS,TÉCNICO,TRABAJO,NO,DEFICIENTE,OTROS,AZUL
11,26,2,FEMENINO,23-40,DE 737.718 A 1´475.434,CASADO (A) SIN HIJOS,TÉCNICO,TRABAJO,NO,DEFICIENTE,OTROS,AZUL
12,22,2,FEMENINO,15-22,DE 737.718 A 1´475.434,SOLTERO (A) SIN HIJOS,TÉCNICO,ESTUDIO Y TRABAJO,NO,REGULAR,OTROS,CAFÉ
12,22,2,FEMENINO,15-22,DE 737.718 A 1´475.434,SOLTERO (A) SIN HIJOS,TÉCNICO,ESTUDIO Y TRABAJO,NO,REGULAR,OTROS,CAFÉ
12,22,2,FEMENINO,15-22,DE 737.718 A 1´475.434,SOLTERO (A) SIN HIJOS,TÉCNICO,ESTUDIO Y TRABAJO,NO,REGULAR,OTROS,CAFÉ
13,17,2,FEMENINO,15-22,NO PERCIBE INGRESOS,SOLTERO (A) SIN HIJOS,SECUNDARIA,ESTUDIO,NO,REGULAR,OTROS,NARANJA
13,17,2,FEMENINO,15-22,NO PERCIBE INGRESOS,SOLTERO (A) SIN HIJOS,SECUNDARIA,ESTUDIO,NO,REGULAR,OTROS,NARANJA
13,17,2,FEMENINO,15-22,NO PERCIBE INGRESOS,SOLTERO (A) SIN HIJOS,SECUNDARIA,ESTUDIO,NO,REGULAR,OTROS,NARANJA
15,30,6,FEMENINO,41-55,3´688.586 O MÁS,CASADO (A) CON HIJOS,PROFESIONAL,1,NO,REGULAR,OTROS,ROJO
15,30,6,FEMENINO,41-55,3´688.586 O MÁS,CASADO (A) CON HIJOS,PROFESIONAL,1,NO,REGULAR,OTROS,ROJO
15,30,6,FEMENINO,41-55,3´688.586 O MÁS,CASADO (A) CON HIJOS,PROFESIONAL,1,NO,REGULAR,OTROS,ROJO
16,40,4,FEMENINO,41-55,DE 2´950.869 A 3´688.585,SOLTERO (A) CON HIJOS,POSTGRADO,TRABAJO,NO,DEFICIENTE,OTROS,NEGRO
16,40,4,FEMENINO,41-55,DE 2´950.869 A 3´688.585,SOLTERO (A) CON HIJOS,POSTGRADO,TRABAJO,NO,DEFICIENTE,OTROS,NEGRO
16,40,4,FEMENINO,41-55,DE 2´950.869 A 3´688.585,SOLTERO (A) CON HIJOS,POSTGRADO,TRABAJO,NO,DEFICIENTE,OTROS,NEGRO
17,50,5,FEMENINO,41-55,DE 2´950.869 A 3´688.585,CASADO (A) SIN HIJOS,POSTGRADO,TRABAJO,NO,ACEPTABLE,DIVERSIDAD.,ROSA
17,50,5,FEMENINO,41-55,DE 2´950.869 A 3´688.585,CASADO (A) SIN HIJOS,POSTGRADO,TRABAJO,NO,ACEPTABLE,OTROS,ROSA
17,50,5,FEMENINO,41-55,DE 2´950.869 A 3´688.585,CASADO (A) SIN HIJOS,POSTGRADO,TRABAJO,NO,ACEPTABLE,OTROS,ROSA
19,22,2,FEMENINO,15-22,DE 737.718 A 1´475.434,SOLTERO (A) SIN HIJOS,TÉCNICO,TRABAJO,NO,REGULAR,OTROS,ROJO
19,22,2,FEMENINO,15-22,DE 737.718 A 1´475.434,SOLTERO (A) SIN HIJOS,TÉCNICO,TRABAJO,NO,REGULAR,OTROS,ROJO
19,22,2,FEMENINO,15-22,DE 737.718 A 1´475.434,SOLTERO (A) SIN HIJOS,TÉCNICO,TRABAJO,NO,REGULAR,OTROS,ROJO
20,23,2,FEMENINO,23-40,DE 737.718 A 1´475.434,UNIÓN LIBRE CON HIJOS,TÉCNICO,TRABAJO,NO,BUENA,DIVERSIDAD.,AMARILLO
20,23,2,FEMENINO,23-40,DE 737.718 A 1´475.434,UNIÓN LIBRE CON HIJOS,TÉCNICO,TRABAJO,NO,BUENA,OTROS,AMARILLO
20,23,2,FEMENINO,23-40,DE 737.718 A 1´475.434,UNIÓN LIBRE CON HIJOS,TÉCNICO,TRABAJO,NO,BUENA,EXPOSICIONES,AMARILLO
22,30,4,FEMENINO,23-40,3´688.586 O MÁS,SEPARADO (A) CON HIJOS,SECUNDARIA,ESTUDIO,NO,DEFICIENTE,OTROS,ROSA
22,30,4,FEMENINO,23-40,3´688.586 O MÁS,SEPARADO (A) CON HIJOS,SECUNDARIA,ESTUDIO,NO,DEFICIENTE,OTROS,ROSA
22,30,4,FEMENINO,23-40,3´688.586 O MÁS,SEPARADO (A) CON HIJOS,SECUNDARIA,ESTUDIO,NO,DEFICIENTE,OTROS,ROSA
23,30,2,MASCULINO,23-40,DE 737.718 A 1´475.434,SOLTERO (A) CON HIJOS,TÉCNICO,TRABAJO,NO,REGULAR,OTROS,ROJO
23,30,2,MASCULINO,23-40,DE 737.718 A 1´475.434,SOLTERO (A) CON HIJOS,TÉCNICO,TRABAJO,NO,REGULAR,FESTIVALES,ROJO
23,30,2,MASCULINO,23-40,DE 737.718 A 1´475.434,SOLTERO (A) CON HIJOS,TÉCNICO,TRABAJO,NO,REGULAR,OTROS,ROJO
24,20,2,FEMENINO,15-22,NO PERCIBE INGRESOS,UNIÓN LIBRE CON HIJOS,SECUNDARIA,HOGAR,NO,DEFICIENTE,OTROS,AZUL
24,20,2,FEMENINO,15-22,NO PERCIBE INGRESOS,UNIÓN LIBRE CON HIJOS,SECUNDARIA,HOGAR,NO,DEFICIENTE,OTROS,AZUL
24,20,2,FEMENINO,15-22,NO PERCIBE INGRESOS,UNIÓN LIBRE CON HIJOS,SECUNDARIA,HOGAR,NO,DEFICIENTE,OTROS,AZUL
25,22,2,MASCULINO,41-55,DE 737.718 A 1´475.434,UNIÓN LIBRE CON HIJOS,SECUNDARIA,TRABAJO,NO,DEFICIENTE,OTROS,BLANCO
25,22,2,MASCULINO,41-55,DE 737.718 A 1´475.434,UNIÓN LIBRE CON HIJOS,SECUNDARIA,TRABAJO,NO,DEFICIENTE,OTROS,BLANCO
25,22,2,MASCULINO,41-55,DE 737.718 A 1´475.434,UNIÓN LIBRE CON HIJOS,SECUNDARIA,TRABAJO,NO,DEFICIENTE,OTROS,BLANCO
26,23,3,FEMENINO,23-40,DE 737.718 A 1´475.434,CASADO (A) SIN HIJOS,SECUNDARIA,ESTUDIO Y TRABAJO,NO,REGULAR,OTROS,VERDE
26,23,3,FEMENINO,23-40,DE 737.718 A 1´475.434,CASADO (A) SIN HIJOS,SECUNDARIA,ESTUDIO Y TRABAJO,NO,REGULAR,DIVERSIDAD.,VERDE
26,23,3,FEMENINO,23-40,DE 737.718 A 1´475.434,CASADO (A) SIN HIJOS,SECUNDARIA,ESTUDIO Y TRABAJO,NO,REGULAR,OTROS,VERDE
28,19,2,FEMENINO,15-22,DE 737.718 A 1´475.434,SOLTERO (A) SIN HIJOS,TÉCNICO,ESTUDIO Y TRABAJO,NO,REGULAR,OTROS,MORADO
28,19,2,FEMENINO,15-22,DE 737.718 A 1´475.434,SOLTERO (A) SIN HIJOS,TÉCNICO,ESTUDIO Y TRABAJO,NO,REGULAR,OTROS,MORADO
28,19,2,FEMENINO,15-22,DE 737.718 A 1´475.434,SOLTERO (A) SIN HIJOS,TÉCNICO,ESTUDIO Y TRABAJO,NO,REGULAR,DIVERSIDAD.,MORADO
29,13,2,FEMENINO,15-22,MENOS DE 737.717,SOLTERO (A) SIN HIJOS,SECUNDARIA,ESTUDIO,NO,ACEPTABLE,OTROS,AMARILLO
29,13,2,FEMENINO,15-22,MENOS DE 737.717,SOLTERO (A) SIN HIJOS,SECUNDARIA,ESTUDIO,NO,ACEPTABLE,EXPOSICIONES,AMARILLO
29,13,2,FEMENINO,15-22,MENOS DE 737.717,SOLTERO (A) SIN HIJOS,SECUNDARIA,ESTUDIO,NO,ACEPTABLE,OTROS,AMARILLO
30,18,3,MASCULINO,15-22,NO PERCIBE INGRESOS,SOLTERO (A) SIN HIJOS,SECUNDARIA,ESTUDIO,NO,DEFICIENTE,ARTE,GRIS
30,18,3,MASCULINO,15-22,NO PERCIBE INGRESOS,SOLTERO (A) SIN HIJOS,SECUNDARIA,ESTUDIO,NO,DEFICIENTE,OTROS,GRIS
30,18,3,MASCULINO,15-22,NO PERCIBE INGRESOS,SOLTERO (A) SIN HIJOS,SECUNDARIA,ESTUDIO,NO,DEFICIENTE,OTROS,GRIS
31,20,3,FEMENINO,23-40,DE 737.718 A 1´475.434,CASADO (A) SIN HIJOS,TECNOLOGO,ESTUDIO,NO,DEFICIENTE,OTROS,ROJO
31,20,3,FEMENINO,23-40,DE 737.718 A 1´475.434,CASADO (A) SIN HIJOS,TECNOLOGO,ESTUDIO,NO,DEFICIENTE,OTROS,ROJO
31,20,3,FEMENINO,23-40,DE 737.718 A 1´475.434,CASADO (A) SIN HIJOS,TECNOLOGO,ESTUDIO,NO,DEFICIENTE,OTROS,ROJO
32,19,3,FEMENINO,15-22,NO PERCIBE INGRESOS,SOLTERO (A) SIN HIJOS,SECUNDARIA,ESTUDIO,NO,REGULAR,EXPOSICIONES,NARANJA
32,19,3,FEMENINO,15-22,NO PERCIBE INGRESOS,SOLTERO (A) SIN HIJOS,SECUNDARIA,ESTUDIO,NO,REGULAR,OTROS,NARANJA
32,19,3,FEMENINO,15-22,NO PERCIBE INGRESOS,SOLTERO (A) SIN HIJOS,SECUNDARIA,ESTUDIO,NO,REGULAR,OTROS,NARANJA
34,42,5,FEMENINO,41-55,DE 2´950.869 A 3´688.585,CASADO (A) CON HIJOS,PROFESIONAL,TRABAJO,NO,REGULAR,OTROS,NARANJA
34,42,5,FEMENINO,41-55,DE 2´950.869 A 3´688.585,CASADO (A) CON HIJOS,PROFESIONAL,TRABAJO,NO,REGULAR,DIVERSIDAD.,NARANJA
34,42,5,FEMENINO,41-55,DE 2´950.869 A 3´688.585,CASADO (A) CON HIJOS,PROFESIONAL,TRABAJO,NO,REGULAR,OTROS,NARANJA
36,43,5,FEMENINO,41-55,DE 2´950.869 A 3´688.585,CASADO (A) CON HIJOS,PROFESIONAL,ESTUDIO,NO,REGULAR,EXPOSICIONES,ROJO
36,43,5,FEMENINO,41-55,DE 2´950.869 A 3´688.585,CASADO (A) CON HIJOS,PROFESIONAL,ESTUDIO,NO,REGULAR,OTROS,ROJO
36,43,5,FEMENINO,41-55,DE 2´950.869 A 3´688.585,CASADO (A) CON HIJOS,PROFESIONAL,ESTUDIO,NO,REGULAR,ARTE,ROJO
38,44,6,MASCULINO,41-55,3´688.586 O MÁS,CASADO (A) CON HIJOS,POSTGRADO,TRABAJO,NO,ACEPTABLE,OTROS,NARANJA
38,44,6,MASCULINO,41-55,3´688.586 O MÁS,CASADO (A) CON HIJOS,POSTGRADO,TRABAJO,NO,ACEPTABLE,OTROS,NARANJA
38,44,6,MASCULINO,41-55,3´688.586 O MÁS,CASADO (A) CON HIJOS,POSTGRADO,TRABAJO,NO,ACEPTABLE,OTROS,NARANJA
39,45,6,MASCULINO,41-55,3´688.586 O MÁS,CASADO (A) CON HIJOS,POSTGRADO,TRABAJO,NO,REGULAR,EXPOSICIONES,DORADO
39,45,6,MASCULINO,41-55,3´688.586 O MÁS,CASADO (A) CON HIJOS,POSTGRADO,TRABAJO,NO,REGULAR,FESTIVALES,DORADO
39,45,6,MASCULINO,41-55,3´688.586 O MÁS,CASADO (A) CON HIJOS,POSTGRADO,TRABAJO,NO,REGULAR,OTROS,DORADO
41,40,5,FEMENINO,41-55,DE 2´950.869 A 3´688.585,VIUDO (A) CON HIJOS,POSTGRADO,TRABAJO,NO,DEFICIENTE,OTROS,ROSA
41,40,5,FEMENINO,41-55,DE 2´950.869 A 3´688.585,VIUDO (A) CON HIJOS,POSTGRADO,TRABAJO,NO,DEFICIENTE,OTROS,ROSA
41,40,5,FEMENINO,41-55,DE 2´950.869 A 3´688.585,VIUDO (A) CON HIJOS,POSTGRADO,TRABAJO,NO,DEFICIENTE,TRADICIONES,ROSA
42,45,4,MASCULINO,41-55,DE 2´950.869 A 3´688.585,CASADO (A) CON HIJOS,POSTGRADO,TRABAJO,NO,ACEPTABLE,OTROS,AZUL
42,45,4,MASCULINO,41-55,DE 2´950.869 A 3´688.585,CASADO (A) CON HIJOS,POSTGRADO,TRABAJO,NO,ACEPTABLE,OTROS,AZUL
42,45,4,MASCULINO,41-55,DE 2´950.869 A 3´688.585,CASADO (A) CON HIJOS,POSTGRADO,TRABAJO,NO,ACEPTABLE,TEATROS,AZUL
43,56,5,MASCULINO,56-70,DE 2´950.869 A 3´688.585,CASADO (A) SIN HIJOS,PROFESIONAL,TRABAJO,NO,ACEPTABLE,OTROS,OTROS
43,56,5,MASCULINO,56-70,DE 2´950.869 A 3´688.585,CASADO (A) SIN HIJOS,PROFESIONAL,TRABAJO,NO,ACEPTABLE,OTROS,OTROS
43,56,5,MASCULINO,56-70,DE 2´950.869 A 3´688.585,CASADO (A) SIN HIJOS,PROFESIONAL,TRABAJO,NO,ACEPTABLE,OTROS,OTROS
44,22,4,MASCULINO,15-22,NO PERCIBE INGRESOS,SOLTERO (A) SIN HIJOS,PROFESIONAL,NINGUNO,NO,REGULAR,TEATROS,ROJO
44,22,4,MASCULINO,15-22,NO PERCIBE INGRESOS,SOLTERO (A) SIN HIJOS,PROFESIONAL,NINGUNO,NO,REGULAR,OTROS,ROJO
44,22,4,MASCULINO,15-22,NO PERCIBE INGRESOS,SOLTERO (A) SIN HIJOS,PROFESIONAL,NINGUNO,NO,REGULAR,OTROS,ROJO
45,1,2,MASCULINO,23-40,DE 737.718 A 1´475.434,SOLTERO (A) SIN HIJOS,PROFESIONAL,TRABAJO,NO,DEFICIENTE,OTROS,GRIS
45,1,2,MASCULINO,23-40,DE 737.718 A 1´475.434,SOLTERO (A) SIN HIJOS,PROFESIONAL,TRABAJO,NO,DEFICIENTE,OTROS,GRIS
45,1,2,MASCULINO,23-40,DE 737.718 A 1´475.434,SOLTERO (A) SIN HIJOS,PROFESIONAL,TRABAJO,NO,DEFICIENTE,OTROS,GRIS
47,15,3,FEMENINO,23-40,DE 1´475.435 A 2´213.151,UNIÓN LIBRE CON HIJOS,SECUNDARIA,TRABAJO,NO,BUENA,OTROS,AMARILLO
47,15,3,FEMENINO,23-40,DE 1´475.435 A 2´213.151,UNIÓN LIBRE CON HIJOS,SECUNDARIA,TRABAJO,NO,BUENA,OTROS,AMARILLO
47,15,3,FEMENINO,23-40,DE 1´475.435 A 2´213.151,UNIÓN LIBRE CON HIJOS,SECUNDARIA,TRABAJO,NO,BUENA,OTROS,AMARILLO
53,35,3,MASCULINO,23-40,DE 737.718 A 1´475.434,SOLTERO (A) CON HIJOS,TECNOLOGO,TRABAJO,NO,ACEPTABLE,OTROS,ROJO
53,35,3,MASCULINO,23-40,DE 737.718 A 1´475.434,SOLTERO (A) CON HIJOS,TECNOLOGO,TRABAJO,NO,ACEPTABLE,OTROS,ROJO
53,35,3,MASCULINO,23-40,DE 737.718 A 1´475.434,SOLTERO (A) CON HIJOS,TECNOLOGO,TRABAJO,NO,ACEPTABLE,CONOCIMIENTO,ROJO
55,35,3,MASCULINO,23-40,DE 737.718 A 1´475.434,UNIÓN LIBRE SIN HIJOS,PROFESIONAL,ESTUDIO Y TRABAJO,NO,REGULAR,CONOCIMIENTO,NEGRO
55,35,3,MASCULINO,23-40,DE 737.718 A 1´475.434,UNIÓN LIBRE SIN HIJOS,PROFESIONAL,ESTUDIO Y TRABAJO,NO,REGULAR,OTROS,NEGRO
55,35,3,MASCULINO,23-40,DE 737.718 A 1´475.434,UNIÓN LIBRE SIN HIJOS,PROFESIONAL,ESTUDIO Y TRABAJO,NO,REGULAR,OTROS,NEGRO
57,28,3,FEMENINO,23-40,DE 1´475.435 A 2´213.151,SOLTERO (A) SIN HIJOS,PROFESIONAL,TRABAJO,NO,REGULAR,ARTE,ROJO
57,28,3,FEMENINO,23-40,DE 1´475.435 A 2´213.151,SOLTERO (A) SIN HIJOS,PROFESIONAL,TRABAJO,NO,REGULAR,MÚSICA,ROJO
57,28,3,FEMENINO,23-40,DE 1´475.435 A 2´213.151,SOLTERO (A) SIN HIJOS,PROFESIONAL,TRABAJO,NO,REGULAR,OTROS,ROJO
59,18,2,MASCULINO,15-22,MENOS DE 737.717,SOLTERO (A) SIN HIJOS,SECUNDARIA,ESTUDIO Y TRABAJO,NO,REGULAR,OTROS,BLANCO
59,18,2,MASCULINO,15-22,MENOS DE 737.717,SOLTERO (A) SIN HIJOS,SECUNDARIA,ESTUDIO Y TRABAJO,NO,REGULAR,OTROS,BLANCO
59,18,2,MASCULINO,15-22,MENOS DE 737.717,SOLTERO (A) SIN HIJOS,SECUNDARIA,ESTUDIO Y TRABAJO,NO,REGULAR,OTROS,BLANCO
60,28,2,FEMENINO,23-40,DE 1´475.435 A 2´213.151,UNIÓN LIBRE CON HIJOS,TÉCNICO,ESTUDIO Y TRABAJO,NO,REGULAR,OTROS,VERDE
60,28,2,FEMENINO,23-40,DE 1´475.435 A 2´213.151,UNIÓN LIBRE CON HIJOS,TÉCNICO,ESTUDIO Y TRABAJO,NO,REGULAR,DIVERSIDAD.,VERDE
60,28,2,FEMENINO,23-40,DE 1´475.435 A 2´213.151,UNIÓN LIBRE CON HIJOS,TÉCNICO,ESTUDIO Y TRABAJO,NO,REGULAR,OTROS,VERDE
61,28,2,FEMENINO,23-40,DE 1´475.435 A 2´213.151,UNIÓN LIBRE CON HIJOS,TÉCNICO,ESTUDIO Y TRABAJO,NO,REGULAR,OTROS,VERDE
61,28,2,FEMENINO,23-40,DE 1´475.435 A 2´213.151,UNIÓN LIBRE CON HIJOS,TÉCNICO,ESTUDIO Y TRABAJO,NO,REGULAR,DIVERSIDAD.,VERDE
61,28,2,FEMENINO,23-40,DE 1´475.435 A 2´213.151,UNIÓN LIBRE CON HIJOS,TÉCNICO,ESTUDIO Y TRABAJO,NO,REGULAR,OTROS,VERDE
63,19,2,MASCULINO,15-22,NO PERCIBE INGRESOS,UNIÓN LIBRE SIN HIJOS,PROFESIONAL,ESTUDIO,NO,ACEPTABLE,OTROS,AZUL
63,19,2,MASCULINO,15-22,NO PERCIBE INGRESOS,UNIÓN LIBRE SIN HIJOS,PROFESIONAL,ESTUDIO,NO,ACEPTABLE,OTROS,AZUL
63,19,2,MASCULINO,15-22,NO PERCIBE INGRESOS,UNIÓN LIBRE SIN HIJOS,PROFESIONAL,ESTUDIO,NO,ACEPTABLE,DIVERSIDAD.,AZUL
64,40,2,MASCULINO,23-40,DE 737.718 A 1´475.434,UNIÓN LIBRE CON HIJOS,SECUNDARIA,ESTUDIO Y TRABAJO,NO,REGULAR,OTROS,NEGRO
64,40,2,MASCULINO,23-40,DE 737.718 A 1´475.434,UNIÓN LIBRE CON HIJOS,SECUNDARIA,ESTUDIO Y TRABAJO,NO,REGULAR,OTROS,NEGRO
64,40,2,MASCULINO,23-40,DE 737.718 A 1´475.434,UNIÓN LIBRE CON HIJOS,SECUNDARIA,ESTUDIO Y TRABAJO,NO,REGULAR,OTROS,NEGRO
66,19,3,MASCULINO,15-22,DE 737.718 A 1´475.434,UNIÓN LIBRE CON HIJOS,PROFESIONAL,ESTUDIO Y TRABAJO,NO,REGULAR,OTROS,VERDE
66,19,3,MASCULINO,15-22,DE 737.718 A 1´475.434,UNIÓN LIBRE CON HIJOS,PROFESIONAL,ESTUDIO Y TRABAJO,NO,REGULAR,OTROS,VERDE
66,19,3,MASCULINO,15-22,DE 737.718 A 1´475.434,UNIÓN LIBRE CON HIJOS,PROFESIONAL,ESTUDIO Y TRABAJO,NO,REGULAR,OTROS,VERDE
67,21,3,MASCULINO,15-22,DE 737.718 A 1´475.434,SOLTERO (A) SIN HIJOS,PROFESIONAL,ESTUDIO Y TRABAJO,NO,REGULAR,OTROS,CAFÉ
67,21,3,MASCULINO,15-22,DE 737.718 A 1´475.434,SOLTERO (A) SIN HIJOS,PROFESIONAL,ESTUDIO Y TRABAJO,NO,REGULAR,CONOCIMIENTO,CAFÉ
67,21,3,MASCULINO,15-22,DE 737.718 A 1´475.434,SOLTERO (A) SIN HIJOS,PROFESIONAL,ESTUDIO Y TRABAJO,NO,REGULAR,OTROS,CAFÉ
69,53,2,FEMENINO,56-70,MENOS DE 737.717,CASADO (A) CON HIJOS,BÁSICO,HOGAR,NO,ACEPTABLE,CONOCIMIENTO,ROJO
69,53,2,FEMENINO,56-70,MENOS DE 737.717,CASADO (A) CON HIJOS,BÁSICO,HOGAR,NO,ACEPTABLE,OTROS,ROJO
69,53,2,FEMENINO,56-70,MENOS DE 737.717,CASADO (A) CON HIJOS,BÁSICO,HOGAR,NO,ACEPTABLE,OTROS,ROJO
75,59,3,MASCULINO,56-70,DE 737.718 A 1´475.434,CASADO (A) CON HIJOS,BÁSICO,HOGAR,NO,REGULAR,OTROS,AZUL
75,59,3,MASCULINO,56-70,DE 737.718 A 1´475.434,CASADO (A) CON HIJOS,BÁSICO,HOGAR,NO,REGULAR,OTROS,AZUL
75,59,3,MASCULINO,56-70,DE 737.718 A 1´475.434,CASADO (A) CON HIJOS,BÁSICO,HOGAR,NO,REGULAR,DIVERSIDAD.,AZUL
78,62,3,FEMENINO,56-70,DE 1´475.435 A 2´213.151,SOLTERO (A) CON HIJOS,SIN ESTUDIOS BÁSICOS,TRABAJO,NO,BUENA,OTROS,AZUL
78,62,3,FEMENINO,56-70,DE 1´475.435 A 2´213.151,SOLTERO (A) CON HIJOS,SIN ESTUDIOS BÁSICOS,TRABAJO,NO,BUENA,OTROS,AZUL
78,62,3,FEMENINO,56-70,DE 1´475.435 A 2´213.151,SOLTERO (A) CON HIJOS,SIN ESTUDIOS BÁSICOS,TRABAJO,NO,BUENA,OTROS,AZUL
79,53,2,MASCULINO,56-70,DE 1´475.435 A 2´213.151,CASADO (A) CON HIJOS,BÁSICO,TRABAJO,NO,ACEPTABLE,TEATROS,AZUL
79,53,2,MASCULINO,56-70,DE 1´475.435 A 2´213.151,CASADO (A) CON HIJOS,BÁSICO,TRABAJO,NO,ACEPTABLE,OTROS,AZUL
79,53,2,MASCULINO,56-70,DE 1´475.435 A 2´213.151,CASADO (A) CON HIJOS,BÁSICO,TRABAJO,NO,ACEPTABLE,OTROS,AZUL
80,8,2,MASCULINO,15-22,DE 737.718 A 1´475.434,SOLTERO (A) SIN HIJOS,PROFESIONAL,ESTUDIO Y TRABAJO,NO,ACEPTABLE,OTROS,ROJO
80,8,2,MASCULINO,15-22,DE 737.718 A 1´475.434,SOLTERO (A) SIN HIJOS,PROFESIONAL,ESTUDIO Y TRABAJO,NO,ACEPTABLE,MÚSICA,ROJO
80,8,2,MASCULINO,15-22,DE 737.718 A 1´475.434,SOLTERO (A) SIN HIJOS,PROFESIONAL,ESTUDIO Y TRABAJO,NO,ACEPTABLE,OTROS,ROJO
84,17,3,FEMENINO,15-22,NO PERCIBE INGRESOS,SOLTERO (A) SIN HIJOS,SECUNDARIA,ESTUDIO,NO,ACEPTABLE,OTROS,VERDE
84,17,3,FEMENINO,15-22,NO PERCIBE INGRESOS,SOLTERO (A) SIN HIJOS,SECUNDARIA,ESTUDIO,NO,ACEPTABLE,OTROS,VERDE
84,17,3,FEMENINO,15-22,NO PERCIBE INGRESOS,SOLTERO (A) SIN HIJOS,SECUNDARIA,ESTUDIO,NO,ACEPTABLE,OTROS,VERDE
86,2,3,MASCULINO,23-40,DE 737.718 A 1´475.434,SEPARADO (A) CON HIJOS,BÁSICO,TRABAJO,NO,REGULAR,ARTE,AMARILLO
86,2,3,MASCULINO,23-40,DE 737.718 A 1´475.434,SEPARADO (A) CON HIJOS,BÁSICO,TRABAJO,NO,REGULAR,OTROS,AMARILLO
86,2,3,MASCULINO,23-40,DE 737.718 A 1´475.434,SEPARADO (A) CON HIJOS,BÁSICO,TRABAJO,NO,REGULAR,OTROS,AMARILLO
89,2,3,FEMENINO,15-22,NO PERCIBE INGRESOS,UNIÓN LIBRE CON HIJOS,TÉCNICO,HOGAR,NO,BUENA,EXPOSICIONES,VERDE
89,2,3,FEMENINO,15-22,NO PERCIBE INGRESOS,UNIÓN LIBRE CON HIJOS,TÉCNICO,HOGAR,NO,BUENA,OTROS,VERDE
89,2,3,FEMENINO,15-22,NO PERCIBE INGRESOS,UNIÓN LIBRE CON HIJOS,TÉCNICO,HOGAR,NO,BUENA,OTROS,VERDE
90,33,3,FEMENINO,23-40,MENOS DE 737.717,SOLTERO (A) SIN HIJOS,TECNOLOGO,ESTUDIO,NO,BUENA,CONOCIMIENTO,NEGRO
90,33,3,FEMENINO,23-40,MENOS DE 737.717,SOLTERO (A) SIN HIJOS,TECNOLOGO,ESTUDIO,NO,BUENA,OTROS,NEGRO
90,33,3,FEMENINO,23-40,MENOS DE 737.717,SOLTERO (A) SIN HIJOS,TECNOLOGO,ESTUDIO,NO,BUENA,OTROS,NEGRO
92,29,2,FEMENINO,23-40,DE 737.718 A 1´475.434,SOLTERO (A) SIN HIJOS,PROFESIONAL,TRABAJO,NO,BUENA,OTROS,VERDE
92,29,2,FEMENINO,23-40,DE 737.718 A 1´475.434,SOLTERO (A) SIN HIJOS,PROFESIONAL,TRABAJO,NO,BUENA,ARTE,VERDE
92,29,2,FEMENINO,23-40,DE 737.718 A 1´475.434,SOLTERO (A) SIN HIJOS,PROFESIONAL,TRABAJO,NO,BUENA,OTROS,VERDE
93,20,3,FEMENINO,15-22,DE 737.718 A 1´475.434,SOLTERO (A) SIN HIJOS,PROFESIONAL,ESTUDIO Y TRABAJO,NO,REGULAR,OTROS,MORADO
93,20,3,FEMENINO,15-22,DE 737.718 A 1´475.434,SOLTERO (A) SIN HIJOS,PROFESIONAL,ESTUDIO Y TRABAJO,NO,REGULAR,OTROS,MORADO
93,20,3,FEMENINO,15-22,DE 737.718 A 1´475.434,SOLTERO (A) SIN HIJOS,PROFESIONAL,ESTUDIO Y TRABAJO,NO,REGULAR,MÚSICA,MORADO
94,40,2,FEMENINO,41-55,MENOS DE 737.717,SEPARADO (A) CON HIJOS,BÁSICO,NINGUNO,NO,DEFICIENTE,OTROS,ROJO
94,40,2,FEMENINO,41-55,MENOS DE 737.717,SEPARADO (A) CON HIJOS,BÁSICO,NINGUNO,NO,DEFICIENTE,OTROS,ROJO
94,40,2,FEMENINO,41-55,MENOS DE 737.717,SEPARADO (A) CON HIJOS,BÁSICO,NINGUNO,NO,DEFICIENTE,OTROS,ROJO
96,30,3,FEMENINO,56-70,NO PERCIBE INGRESOS,SOLTERO (A) CON HIJOS,BÁSICO,HOGAR,NO,ACEPTABLE,TEATROS,DORADO
96,30,3,FEMENINO,56-70,NO PERCIBE INGRESOS,SOLTERO (A) CON HIJOS,BÁSICO,HOGAR,NO,ACEPTABLE,OTROS,DORADO
96,30,3,FEMENINO,56-70,NO PERCIBE INGRESOS,SOLTERO (A) CON HIJOS,BÁSICO,HOGAR,NO,ACEPTABLE,OTROS,DORADO
99,26,3,MASCULINO,23-40,MENOS DE 737.717,SOLTERO (A) CON HIJOS,TECNOLOGO,ESTUDIO,NO,REGULAR,OTROS,DORADO
99,26,3,MASCULINO,23-40,MENOS DE 737.717,SOLTERO (A) CON HIJOS,TECNOLOGO,ESTUDIO,NO,REGULAR,APORTES,DORADO
99,26,3,MASCULINO,23-40,MENOS DE 737.717,SOLTERO (A) CON HIJOS,TECNOLOGO,ESTUDIO,NO,REGULAR,CONOCIMIENTO,DORADO
100,29,3,FEMENINO,23-40,DE 1´475.435 A 2´213.151,SOLTERO (A) SIN HIJOS,TECNOLOGO,ESTUDIO Y TRABAJO,NO,REGULAR,OTROS,CAFÉ
100,29,3,FEMENINO,23-40,DE 1´475.435 A 2´213.151,SOLTERO (A) SIN HIJOS,TECNOLOGO,ESTUDIO Y TRABAJO,NO,REGULAR,OTROS,CAFÉ
100,29,3,FEMENINO,23-40,DE 1´475.435 A 2´213.151,SOLTERO (A) SIN HIJOS,TECNOLOGO,ESTUDIO Y TRABAJO,NO,REGULAR,OTROS,CAFÉ
101,21,3,MASCULINO,15-22,DE 737.718 A 1´475.434,SOLTERO (A) SIN HIJOS,TECNOLOGO,ESTUDIO,NO,ACEPTABLE,APORTES,CAFÉ
101,21,3,MASCULINO,15-22,DE 737.718 A 1´475.434,SOLTERO (A) SIN HIJOS,TECNOLOGO,ESTUDIO,NO,ACEPTABLE,FESTIVALES,CAFÉ
101,21,3,MASCULINO,15-22,DE 737.718 A 1´475.434,SOLTERO (A) SIN HIJOS,TECNOLOGO,ESTUDIO,NO,ACEPTABLE,OTROS,CAFÉ
102,26,3,MASCULINO,23-40,DE 737.718 A 1´475.434,SOLTERO (A) SIN HIJOS,TECNOLOGO,ESTUDIO Y TRABAJO,NO,BUENA,ALEGRIA,NEGRO
102,26,3,MASCULINO,23-40,DE 737.718 A 1´475.434,SOLTERO (A) SIN HIJOS,TECNOLOGO,ESTUDIO Y TRABAJO,NO,BUENA,APORTES,NEGRO
102,26,3,MASCULINO,23-40,DE 737.718 A 1´475.434,SOLTERO (A) SIN HIJOS,TECNOLOGO,ESTUDIO Y TRABAJO,NO,BUENA,OTROS,NEGRO
104,32,3,FEMENINO,23-40,DE 1´475.435 A 2´213.151,SOLTERO (A) SIN HIJOS,TECNOLOGO,ESTUDIO Y TRABAJO,NO,BUENA,TEATROS,VERDE
104,32,3,FEMENINO,23-40,DE 1´475.435 A 2´213.151,SOLTERO (A) SIN HIJOS,TECNOLOGO,ESTUDIO Y TRABAJO,NO,BUENA,OTROS,VERDE
104,32,3,FEMENINO,23-40,DE 1´475.435 A 2´213.151,SOLTERO (A) SIN HIJOS,TECNOLOGO,ESTUDIO Y TRABAJO,NO,BUENA,OTROS,VERDE
106,62,4,FEMENINO,56-70,DE 2´213.152 A 2.950.868,SEPARADO (A) CON HIJOS,PROFESIONAL,HOGAR,NO,BUENA,OTROS,DORADO
106,62,4,FEMENINO,56-70,DE 2´213.152 A 2.950.868,SEPARADO (A) CON HIJOS,PROFESIONAL,HOGAR,NO,BUENA,OTROS,DORADO
106,62,4,FEMENINO,56-70,DE 2´213.152 A 2.950.868,SEPARADO (A) CON HIJOS,PROFESIONAL,HOGAR,NO,BUENA,OTROS,DORADO
107,74,4,MASCULINO,71 O MÁS,DE 1´475.435 A 2´213.151,CASADO (A) CON HIJOS,PROFESIONAL,NINGUNO,NO,BUENA,OTROS,GRIS
107,74,4,MASCULINO,71 O MÁS,DE 1´475.435 A 2´213.151,CASADO (A) CON HIJOS,PROFESIONAL,NINGUNO,NO,BUENA,OTROS,GRIS
107,74,4,MASCULINO,71 O MÁS,DE 1´475.435 A 2´213.151,CASADO (A) CON HIJOS,PROFESIONAL,NINGUNO,NO,BUENA,TEATROS,GRIS
108,19,4,MASCULINO,15-22,NO PERCIBE INGRESOS,SOLTERO (A) SIN HIJOS,SECUNDARIA,ESTUDIO,NO,REGULAR,OTROS,AZUL
108,19,4,MASCULINO,15-22,NO PERCIBE INGRESOS,SOLTERO (A) SIN HIJOS,SECUNDARIA,ESTUDIO,NO,REGULAR,MÚSICA,AZUL
108,19,4,MASCULINO,15-22,NO PERCIBE INGRESOS,SOLTERO (A) SIN HIJOS,SECUNDARIA,ESTUDIO,NO,REGULAR,OTROS,AZUL
110,19,3,MASCULINO,15-22,MENOS DE 737.717,SOLTERO (A) SIN HIJOS,PROFESIONAL,ESTUDIO Y TRABAJO,NO,ACEPTABLE,ALEGRIA,AMARILLO
110,19,3,MASCULINO,15-22,MENOS DE 737.717,SOLTERO (A) SIN HIJOS,PROFESIONAL,ESTUDIO Y TRABAJO,NO,ACEPTABLE,OTROS,AMARILLO
110,19,3,MASCULINO,15-22,MENOS DE 737.717,SOLTERO (A) SIN HIJOS,PROFESIONAL,ESTUDIO Y TRABAJO,NO,ACEPTABLE,OTROS,AMARILLO
113,19,3,FEMENINO,15-22,MENOS DE 737.717,SOLTERO (A) SIN HIJOS,SECUNDARIA,NINGUNO,NO,DEFICIENTE,OTROS,BLANCO
113,19,3,FEMENINO,15-22,MENOS DE 737.717,SOLTERO (A) SIN HIJOS,SECUNDARIA,NINGUNO,NO,DEFICIENTE,OTROS,BLANCO
113,19,3,FEMENINO,15-22,MENOS DE 737.717,SOLTERO (A) SIN HIJOS,SECUNDARIA,NINGUNO,NO,DEFICIENTE,MÚSICA,BLANCO
114,56,3,FEMENINO,56-70,DE 737.718 A 1´475.434,SOLTERO (A) CON HIJOS,BÁSICO,HOGAR,NO,REGULAR,OTROS,AMARILLO
114,56,3,FEMENINO,56-70,DE 737.718 A 1´475.434,SOLTERO (A) CON HIJOS,BÁSICO,HOGAR,NO,REGULAR,CONOCIMIENTO,AMARILLO
114,56,3,FEMENINO,56-70,DE 737.718 A 1´475.434,SOLTERO (A) CON HIJOS,BÁSICO,HOGAR,NO,REGULAR,OTROS,AMARILLO
115,20,3,FEMENINO,15-22,MENOS DE 737.717,SOLTERO (A) SIN HIJOS,TÉCNICO,ESTUDIO,NO,DEFICIENTE,OTROS,AMARILLO
115,20,3,FEMENINO,15-22,MENOS DE 737.717,SOLTERO (A) SIN HIJOS,TÉCNICO,ESTUDIO,NO,DEFICIENTE,OTROS,AMARILLO
115,20,3,FEMENINO,15-22,MENOS DE 737.717,SOLTERO (A) SIN HIJOS,TÉCNICO,ESTUDIO,NO,DEFICIENTE,ARTE,AMARILLO
116,17,4,FEMENINO,15-22,MENOS DE 737.717,SOLTERO (A) SIN HIJOS,SECUNDARIA,ESTUDIO,NO,ACEPTABLE,OTROS,NARANJA
116,17,4,FEMENINO,15-22,MENOS DE 737.717,SOLTERO (A) SIN HIJOS,SECUNDARIA,ESTUDIO,NO,ACEPTABLE,MÚSICA,NARANJA
116,17,4,FEMENINO,15-22,MENOS DE 737.717,SOLTERO (A) SIN HIJOS,SECUNDARIA,ESTUDIO,NO,ACEPTABLE,OTROS,NARANJA
122,20,3,FEMENINO,15-22,MENOS DE 737.717,SOLTERO (A) SIN HIJOS,SECUNDARIA,ESTUDIO,NO,REGULAR,ARTE,GRIS
122,20,3,FEMENINO,15-22,MENOS DE 737.717,SOLTERO (A) SIN HIJOS,SECUNDARIA,ESTUDIO,NO,REGULAR,OTROS,GRIS
122,20,3,FEMENINO,15-22,MENOS DE 737.717,SOLTERO (A) SIN HIJOS,SECUNDARIA,ESTUDIO,NO,REGULAR,OTROS,GRIS
123,20,3,FEMENINO,15-22,MENOS DE 737.717,SOLTERO (A) SIN HIJOS,SECUNDARIA,ESTUDIO,NO,REGULAR,ARTE,GRIS
123,20,3,FEMENINO,15-22,MENOS DE 737.717,SOLTERO (A) SIN HIJOS,SECUNDARIA,ESTUDIO,NO,REGULAR,OTROS,GRIS
123,20,3,FEMENINO,15-22,MENOS DE 737.717,SOLTERO (A) SIN HIJOS,SECUNDARIA,ESTUDIO,NO,REGULAR,OTROS,GRIS
124,50,2,MASCULINO,41-55,MENOS DE 737.717,UNIÓN LIBRE CON HIJOS,PROFESIONAL,TRABAJO,NO,BUENA,OTROS,AMARILLO
124,50,2,MASCULINO,41-55,MENOS DE 737.717,UNIÓN LIBRE CON HIJOS,PROFESIONAL,TRABAJO,NO,BUENA,CONOCIMIENTO,AMARILLO
124,50,2,MASCULINO,41-55,MENOS DE 737.717,UNIÓN LIBRE CON HIJOS,PROFESIONAL,TRABAJO,NO,BUENA,OTROS,AMARILLO
129,21,2,FEMENINO,15-22,DE 737.718 A 1´475.434,SOLTERO (A) SIN HIJOS,TECNOLOGO,ESTUDIO Y TRABAJO,NO,REGULAR,OTROS,VERDE
129,21,2,FEMENINO,15-22,DE 737.718 A 1´475.434,SOLTERO (A) SIN HIJOS,TECNOLOGO,ESTUDIO Y TRABAJO,NO,REGULAR,ARTE,VERDE
129,21,2,FEMENINO,15-22,DE 737.718 A 1´475.434,SOLTERO (A) SIN HIJOS,TECNOLOGO,ESTUDIO Y TRABAJO,NO,REGULAR,OTROS,VERDE
130,23,3,MASCULINO,23-40,DE 737.718 A 1´475.434,SOLTERO (A) SIN HIJOS,SECUNDARIA,ESTUDIO Y TRABAJO,NO,DEFICIENTE,OTROS,BLANCO
130,23,3,MASCULINO,23-40,DE 737.718 A 1´475.434,SOLTERO (A) SIN HIJOS,SECUNDARIA,ESTUDIO Y TRABAJO,NO,DEFICIENTE,OTROS,BLANCO
130,23,3,MASCULINO,23-40,DE 737.718 A 1´475.434,SOLTERO (A) SIN HIJOS,SECUNDARIA,ESTUDIO Y TRABAJO,NO,DEFICIENTE,OTROS,BLANCO
138,21,3,FEMENINO,15-22,NO PERCIBE INGRESOS,SOLTERO (A) SIN HIJOS,SECUNDARIA,ESTUDIO,NO,REGULAR,ARTE,ROJO
138,21,3,FEMENINO,15-22,NO PERCIBE INGRESOS,SOLTERO (A) SIN HIJOS,SECUNDARIA,ESTUDIO,NO,REGULAR,OTROS,ROJO
138,21,3,FEMENINO,15-22,NO PERCIBE INGRESOS,SOLTERO (A) SIN HIJOS,SECUNDARIA,ESTUDIO,NO,REGULAR,OTROS,ROJO
139,20,2,FEMENINO,41-55,MENOS DE 737.717,CASADO (A) CON HIJOS,SECUNDARIA,HOGAR,NO,BUENA,OTROS,ROSA
139,20,2,FEMENINO,41-55,MENOS DE 737.717,CASADO (A) CON HIJOS,SECUNDARIA,HOGAR,NO,BUENA,OTROS,ROSA
139,20,2,FEMENINO,41-55,MENOS DE 737.717,CASADO (A) CON HIJOS,SECUNDARIA,HOGAR,NO,BUENA,ARTE,ROSA
140,19,2,MASCULINO,15-22,MENOS DE 737.717,SOLTERO (A) SIN HIJOS,SECUNDARIA,ESTUDIO,NO,BUENA,OTROS,ROJO
140,19,2,MASCULINO,15-22,MENOS DE 737.717,SOLTERO (A) SIN HIJOS,SECUNDARIA,ESTUDIO,NO,BUENA,EXPOSICIONES,ROJO
140,19,2,MASCULINO,15-22,MENOS DE 737.717,SOLTERO (A) SIN HIJOS,SECUNDARIA,ESTUDIO,NO,BUENA,OTROS,ROJO
141,20,2,MASCULINO,15-22,DE 737.718 A 1´475.434,SOLTERO (A) SIN HIJOS,SECUNDARIA,TRABAJO,NO,ACEPTABLE,OTROS,CAFÉ
141,20,2,MASCULINO,15-22,DE 737.718 A 1´475.434,SOLTERO (A) SIN HIJOS,SECUNDARIA,TRABAJO,NO,ACEPTABLE,OTROS,CAFÉ
141,20,2,MASCULINO,15-22,DE 737.718 A 1´475.434,SOLTERO (A) SIN HIJOS,SECUNDARIA,TRABAJO,NO,ACEPTABLE,OTROS,CAFÉ
143,21,3,MASCULINO,15-22,MENOS DE 737.717,SOLTERO (A) SIN HIJOS,SECUNDARIA,ESTUDIO,NO,BUENA,OTROS,DORADO
143,21,3,MASCULINO,15-22,MENOS DE 737.717,SOLTERO (A) SIN HIJOS,SECUNDARIA,ESTUDIO,NO,BUENA,CONOCIMIENTO,DORADO
143,21,3,MASCULINO,15-22,MENOS DE 737.717,SOLTERO (A) SIN HIJOS,SECUNDARIA,ESTUDIO,NO,BUENA,OTROS,DORADO
144,21,3,MASCULINO,15-22,MENOS DE 737.717,SOLTERO (A) SIN HIJOS,SECUNDARIA,TRABAJO,NO,BUENA,OTROS,AZUL
144,21,3,MASCULINO,15-22,MENOS DE 737.717,SOLTERO (A) SIN HIJOS,SECUNDARIA,TRABAJO,NO,BUENA,OTROS,AZUL
144,21,3,MASCULINO,15-22,MENOS DE 737.717,SOLTERO (A) SIN HIJOS,SECUNDARIA,TRABAJO,NO,BUENA,OTROS,AZUL
147,20,2,FEMENINO,15-22,DE 1´475.435 A 2´213.151,SOLTERO (A) SIN HIJOS,TÉCNICO,ESTUDIO Y TRABAJO,NO,REGULAR,DIVERSIDAD.,VERDE
147,20,2,FEMENINO,15-22,DE 1´475.435 A 2´213.151,SOLTERO (A) SIN HIJOS,TÉCNICO,ESTUDIO Y TRABAJO,NO,REGULAR,OTROS,VERDE
147,20,2,FEMENINO,15-22,DE 1´475.435 A 2´213.151,SOLTERO (A) SIN HIJOS,TÉCNICO,ESTUDIO Y TRABAJO,NO,REGULAR,OTROS,VERDE
157,66,3,FEMENINO,56-70,DE 737.718 A 1´475.434,SEPARADO (A) CON HIJOS,SECUNDARIA,NINGUNO,NO,ACEPTABLE,OTROS,OTROS
157,66,3,FEMENINO,56-70,DE 737.718 A 1´475.434,SEPARADO (A) CON HIJOS,SECUNDARIA,NINGUNO,NO,ACEPTABLE,OTROS,OTROS
157,66,3,FEMENINO,56-70,DE 737.718 A 1´475.434,SEPARADO (A) CON HIJOS,SECUNDARIA,NINGUNO,NO,ACEPTABLE,OTROS,OTROS
159,68,1,MASCULINO,56-70,DE 737.718 A 1´475.434,CASADO (A) CON HIJOS,SECUNDARIA,HOGAR,NO,BUENA,OTROS,BLANCO
159,68,1,MASCULINO,56-70,DE 737.718 A 1´475.434,CASADO (A) CON HIJOS,SECUNDARIA,HOGAR,NO,BUENA,OTROS,BLANCO
159,68,1,MASCULINO,56-70,DE 737.718 A 1´475.434,CASADO (A) CON HIJOS,SECUNDARIA,HOGAR,NO,BUENA,OTROS,BLANCO
160,65,4,FEMENINO,56-70,DE 737.718 A 1´475.434,CASADO (A) CON HIJOS,SECUNDARIA,HOGAR,NO,BUENA,OTROS,AZUL
160,65,4,FEMENINO,56-70,DE 737.718 A 1´475.434,CASADO (A) CON HIJOS,SECUNDARIA,HOGAR,NO,BUENA,ARTE,AZUL
160,65,4,FEMENINO,56-70,DE 737.718 A 1´475.434,CASADO (A) CON HIJOS,SECUNDARIA,HOGAR,NO,BUENA,OTROS,AZUL
161,20,3,FEMENINO,15-22,DE 737.718 A 1´475.434,SOLTERO (A) SIN HIJOS,TÉCNICO,TRABAJO,NO,ACEPTABLE,OTROS,CAFÉ
161,20,3,FEMENINO,15-22,DE 737.718 A 1´475.434,SOLTERO (A) SIN HIJOS,TÉCNICO,TRABAJO,NO,ACEPTABLE,CONOCIMIENTO,CAFÉ
161,20,3,FEMENINO,15-22,DE 737.718 A 1´475.434,SOLTERO (A) SIN HIJOS,TÉCNICO,TRABAJO,NO,ACEPTABLE,OTROS,CAFÉ
162,20,3,FEMENINO,15-22,DE 737.718 A 1´475.434,SOLTERO (A) SIN HIJOS,TÉCNICO,TRABAJO,NO,ACEPTABLE,OTROS,CAFÉ
162,20,3,FEMENINO,15-22,DE 737.718 A 1´475.434,SOLTERO (A) SIN HIJOS,TÉCNICO,TRABAJO,NO,ACEPTABLE,CONOCIMIENTO,CAFÉ
162,20,3,FEMENINO,15-22,DE 737.718 A 1´475.434,SOLTERO (A) SIN HIJOS,TÉCNICO,TRABAJO,NO,ACEPTABLE,OTROS,CAFÉ
170,40,3,FEMENINO,41-55,3´688.586 O MÁS,SOLTERO (A) CON HIJOS,POSTGRADO,TRABAJO,NO,BUENA,DIVERSIDAD.,OTROS
170,40,3,FEMENINO,41-55,3´688.586 O MÁS,SOLTERO (A) CON HIJOS,POSTGRADO,TRABAJO,NO,BUENA,OTROS,OTROS
170,40,3,FEMENINO,41-55,3´688.586 O MÁS,SOLTERO (A) CON HIJOS,POSTGRADO,TRABAJO,NO,BUENA,OTROS,OTROS
175,18,4,MASCULINO,15-22,DE 737.718 A 1´475.434,SOLTERO (A) SIN HIJOS,SECUNDARIA,ESTUDIO,NO,DEFICIENTE,OTROS,MARRON
175,18,4,MASCULINO,15-22,DE 737.718 A 1´475.434,SOLTERO (A) SIN HIJOS,SECUNDARIA,ESTUDIO,NO,DEFICIENTE,OTROS,MARRON
175,18,4,MASCULINO,15-22,DE 737.718 A 1´475.434,SOLTERO (A) SIN HIJOS,SECUNDARIA,ESTUDIO,NO,DEFICIENTE,OTROS,MARRON
179,18,2,FEMENINO,23-40,DE 737.718 A 1´475.434,UNIÓN LIBRE SIN HIJOS,TECNOLOGO,ESTUDIO Y TRABAJO,NO,DEFICIENTE,OTROS,AZUL
179,18,2,FEMENINO,23-40,DE 737.718 A 1´475.434,UNIÓN LIBRE SIN HIJOS,TECNOLOGO,ESTUDIO Y TRABAJO,NO,DEFICIENTE,OTROS,AZUL
179,18,2,FEMENINO,23-40,DE 737.718 A 1´475.434,UNIÓN LIBRE SIN HIJOS,TECNOLOGO,ESTUDIO Y TRABAJO,NO,DEFICIENTE,ALEGRIA,AZUL
183,21,3,FEMENINO,15-22,NO PERCIBE INGRESOS,SOLTERO (A) SIN HIJOS,PROFESIONAL,ESTUDIO,NO,ACEPTABLE,DIVERSIDAD.,AMARILLO
183,21,3,FEMENINO,15-22,NO PERCIBE INGRESOS,SOLTERO (A) SIN HIJOS,PROFESIONAL,ESTUDIO,NO,ACEPTABLE,OTROS,AMARILLO
183,21,3,FEMENINO,15-22,NO PERCIBE INGRESOS,SOLTERO (A) SIN HIJOS,PROFESIONAL,ESTUDIO,NO,ACEPTABLE,ARTE,AMARILLO
190,50,4,FEMENINO,71 O MÁS,MENOS DE 737.717,CASADO (A) CON HIJOS,TECNOLOGO,HOGAR,NO,ACEPTABLE,OTROS,OTROS
190,50,4,FEMENINO,71 O MÁS,MENOS DE 737.717,CASADO (A) CON HIJOS,TECNOLOGO,HOGAR,NO,ACEPTABLE,OTROS,OTROS
190,50,4,FEMENINO,71 O MÁS,MENOS DE 737.717,CASADO (A) CON HIJOS,TECNOLOGO,HOGAR,NO,ACEPTABLE,OTROS,OTROS
196,20,4,MASCULINO,23-40,DE 1´475.435 A 2´213.151,CASADO (A) SIN HIJOS,PROFESIONAL,TRABAJO,NO,ACEPTABLE,FESTIVALES,AZUL
196,20,4,MASCULINO,23-40,DE 1´475.435 A 2´213.151,CASADO (A) SIN HIJOS,PROFESIONAL,TRABAJO,NO,ACEPTABLE,OTROS,AZUL
196,20,4,MASCULINO,23-40,DE 1´475.435 A 2´213.151,CASADO (A) SIN HIJOS,PROFESIONAL,TRABAJO,NO,ACEPTABLE,OTROS,AZUL
204,23,3,FEMENINO,23-40,MENOS DE 737.717,SOLTERO (A) SIN HIJOS,PROFESIONAL,ESTUDIO,NO,DEFICIENTE,ARTE,ROJO
204,23,3,FEMENINO,23-40,MENOS DE 737.717,SOLTERO (A) SIN HIJOS,PROFESIONAL,ESTUDIO,NO,DEFICIENTE,DIVERSIDAD.,ROJO
204,23,3,FEMENINO,23-40,MENOS DE 737.717,SOLTERO (A) SIN HIJOS,PROFESIONAL,ESTUDIO,NO,DEFICIENTE,OTROS,ROJO
206,13,4,FEMENINO,23-40,DE 1´475.435 A 2´213.151,SOLTERO (A) CON HIJOS,PROFESIONAL,TRABAJO,NO,REGULAR,FESTIVALES,AZUL
206,13,4,FEMENINO,23-40,DE 1´475.435 A 2´213.151,SOLTERO (A) CON HIJOS,PROFESIONAL,TRABAJO,NO,REGULAR,OTROS,AZUL
206,13,4,FEMENINO,23-40,DE 1´475.435 A 2´213.151,SOLTERO (A) CON HIJOS,PROFESIONAL,TRABAJO,NO,REGULAR,OTROS,AZUL
207,46,3,FEMENINO,41-55,DE 737.718 A 1´475.434,SOLTERO (A) CON HIJOS,SECUNDARIA,TRABAJO,NO,ACEPTABLE,OTROS,NARANJA
207,46,3,FEMENINO,41-55,DE 737.718 A 1´475.434,SOLTERO (A) CON HIJOS,SECUNDARIA,TRABAJO,NO,ACEPTABLE,OTROS,NARANJA
207,46,3,FEMENINO,41-55,DE 737.718 A 1´475.434,SOLTERO (A) CON HIJOS,SECUNDARIA,TRABAJO,NO,ACEPTABLE,OTROS,NARANJA
208,30,2,MASCULINO,23-40,DE 1´475.435 A 2´213.151,CASADO (A) SIN HIJOS,TECNOLOGO,TRABAJO,NO,REGULAR,MÚSICA,AZUL
208,30,2,MASCULINO,23-40,DE 1´475.435 A 2´213.151,CASADO (A) SIN HIJOS,TECNOLOGO,TRABAJO,NO,REGULAR,ARTE,AZUL
208,30,2,MASCULINO,23-40,DE 1´475.435 A 2´213.151,CASADO (A) SIN HIJOS,TECNOLOGO,TRABAJO,NO,REGULAR,DIVERSIDAD.,AZUL
210,5,2,FEMENINO,41-55,DE 1´475.435 A 2´213.151,CASADO (A) CON HIJOS,PROFESIONAL,TRABAJO,NO,DEFICIENTE,EDUCACION,VERDE
210,5,2,FEMENINO,41-55,DE 1´475.435 A 2´213.151,CASADO (A) CON HIJOS,PROFESIONAL,TRABAJO,NO,DEFICIENTE,OTROS,VERDE
210,5,2,FEMENINO,41-55,DE 1´475.435 A 2´213.151,CASADO (A) CON HIJOS,PROFESIONAL,TRABAJO,NO,DEFICIENTE,TEATROS,VERDE
230,2,2,MASCULINO,15-22,NO PERCIBE INGRESOS,SOLTERO (A) SIN HIJOS,TECNOLOGO,ESTUDIO,NO,BUENA,FESTIVALES,AZUL
230,2,2,MASCULINO,15-22,NO PERCIBE INGRESOS,SOLTERO (A) SIN HIJOS,TECNOLOGO,ESTUDIO,NO,BUENA,OTROS,AZUL
230,2,2,MASCULINO,15-22,NO PERCIBE INGRESOS,SOLTERO (A) SIN HIJOS,TECNOLOGO,ESTUDIO,NO,BUENA,OTROS,AZUL
246,24,3,FEMENINO,23-40,DE 1´475.435 A 2´213.151,SOLTERO (A) SIN HIJOS,PROFESIONAL,ESTUDIO,NO,ACEPTABLE,DIVERSIDAD.,ROJO
246,24,3,FEMENINO,23-40,DE 1´475.435 A 2´213.151,SOLTERO (A) SIN HIJOS,PROFESIONAL,ESTUDIO,NO,ACEPTABLE,OTROS,ROJO
246,24,3,FEMENINO,23-40,DE 1´475.435 A 2´213.151,SOLTERO (A) SIN HIJOS,PROFESIONAL,ESTUDIO,NO,ACEPTABLE,OTROS,ROJO
248,20,3,MASCULINO,15-22,NO PERCIBE INGRESOS,SOLTERO (A) SIN HIJOS,TECNOLOGO,ESTUDIO,NO,REGULAR,OTROS,ROJO
248,20,3,MASCULINO,15-22,NO PERCIBE INGRESOS,SOLTERO (A) SIN HIJOS,TECNOLOGO,ESTUDIO,NO,REGULAR,OTROS,ROJO
248,20,3,MASCULINO,15-22,NO PERCIBE INGRESOS,SOLTERO (A) SIN HIJOS,TECNOLOGO,ESTUDIO,NO,REGULAR,OTROS,ROJO
250,18,3,MASCULINO,15-22,MENOS DE 737.717,SOLTERO (A) SIN HIJOS,SECUNDARIA,ESTUDIO,NO,DEFICIENTE,OTROS,VERDE
250,18,3,MASCULINO,15-22,MENOS DE 737.717,SOLTERO (A) SIN HIJOS,SECUNDARIA,ESTUDIO,NO,DEFICIENTE,EDUCACION,VERDE
250,18,3,MASCULINO,15-22,MENOS DE 737.717,SOLTERO (A) SIN HIJOS,SECUNDARIA,ESTUDIO,NO,DEFICIENTE,OTROS,VERDE
260,23,2,MASCULINO,23-40,MENOS DE 737.717,SOLTERO (A) SIN HIJOS,TÉCNICO,HOGAR,NO,REGULAR,MÚSICA,AMARILLO
260,23,2,MASCULINO,23-40,MENOS DE 737.717,SOLTERO (A) SIN HIJOS,TÉCNICO,HOGAR,NO,REGULAR,FESTIVALES,AMARILLO
260,23,2,MASCULINO,23-40,MENOS DE 737.717,SOLTERO (A) SIN HIJOS,TÉCNICO,HOGAR,NO,REGULAR,DIVERSIDAD.,AMARILLO
262,23,4,MASCULINO,23-40,DE 2´950.869 A 3´688.585,SEPARADO (A) CON HIJOS,SECUNDARIA,TRABAJO,NO,REGULAR,OTROS,NEGRO
262,23,4,MASCULINO,23-40,DE 2´950.869 A 3´688.585,SEPARADO (A) CON HIJOS,SECUNDARIA,TRABAJO,NO,REGULAR,OTROS,NEGRO
262,23,4,MASCULINO,23-40,DE 2´950.869 A 3´688.585,SEPARADO (A) CON HIJOS,SECUNDARIA,TRABAJO,NO,REGULAR,OTROS,NEGRO
263,5,4,FEMENINO,56-70,DE 1´475.435 A 2´213.151,VIUDO (A) CON HIJOS,POSTGRADO,NINGUNO,NO,BUENA,EDUCACION,NARANJA
263,5,4,FEMENINO,56-70,DE 1´475.435 A 2´213.151,VIUDO (A) CON HIJOS,POSTGRADO,NINGUNO,NO,BUENA,ARTE,NARANJA
263,5,4,FEMENINO,56-70,DE 1´475.435 A 2´213.151,VIUDO (A) CON HIJOS,POSTGRADO,NINGUNO,NO,BUENA,ARTE,NARANJA
264,42,4,FEMENINO,56-70,DE 737.718 A 1´475.434,VIUDO (A) CON HIJOS,BÁSICO,HOGAR,NO,ACEPTABLE,OTROS,GRIS
264,42,4,FEMENINO,56-70,DE 737.718 A 1´475.434,VIUDO (A) CON HIJOS,BÁSICO,HOGAR,NO,ACEPTABLE,MÚSICA,GRIS
264,42,4,FEMENINO,56-70,DE 737.718 A 1´475.434,VIUDO (A) CON HIJOS,BÁSICO,HOGAR,NO,ACEPTABLE,OTROS,GRIS
266,20,3,FEMENINO,15-22,MENOS DE 737.717,SOLTERO (A) SIN HIJOS,TECNOLOGO,ESTUDIO Y TRABAJO,NO,BUENA,DIVERSIDAD.,ROJO
266,20,3,FEMENINO,15-22,MENOS DE 737.717,SOLTERO (A) SIN HIJOS,TECNOLOGO,ESTUDIO Y TRABAJO,NO,BUENA,OTROS,ROJO
266,20,3,FEMENINO,15-22,MENOS DE 737.717,SOLTERO (A) SIN HIJOS,TECNOLOGO,ESTUDIO Y TRABAJO,NO,BUENA,EDUCACION,ROJO
268,9,2,FEMENINO,15-22,MENOS DE 737.717,SOLTERO (A) SIN HIJOS,TÉCNICO,ESTUDIO Y TRABAJO,NO,REGULAR,OTROS,AZUL
268,9,2,FEMENINO,15-22,MENOS DE 737.717,SOLTERO (A) SIN HIJOS,TÉCNICO,ESTUDIO Y TRABAJO,NO,REGULAR,OTROS,AZUL
268,9,2,FEMENINO,15-22,MENOS DE 737.717,SOLTERO (A) SIN HIJOS,TÉCNICO,ESTUDIO Y TRABAJO,NO,REGULAR,OTROS,AZUL
270,9,4,MASCULINO,41-55,3´688.586 O MÁS,CASADO (A) CON HIJOS,POSTGRADO,TRABAJO,NO,ACEPTABLE,OTROS,NARANJA
270,9,4,MASCULINO,41-55,3´688.586 O MÁS,CASADO (A) CON HIJOS,POSTGRADO,TRABAJO,NO,ACEPTABLE,OTROS,NARANJA
270,9,4,MASCULINO,41-55,3´688.586 O MÁS,CASADO (A) CON HIJOS,POSTGRADO,TRABAJO,NO,ACEPTABLE,OTROS,NARANJA
276,30,6,MASCULINO,41-55,DE 2´950.869 A 3´688.585,CASADO (A) CON HIJOS,POSTGRADO,TRABAJO,NO,ACEPTABLE,OTROS,BLANCO
276,30,6,MASCULINO,41-55,DE 2´950.869 A 3´688.585,CASADO (A) CON HIJOS,POSTGRADO,TRABAJO,NO,ACEPTABLE,OTROS,BLANCO
276,30,6,MASCULINO,41-55,DE 2´950.869 A 3´688.585,CASADO (A) CON HIJOS,POSTGRADO,TRABAJO,NO,ACEPTABLE,OTROS,BLANCO
284,30,3,MASCULINO,41-55,DE 2´213.152 A 2.950.868,CASADO (A) CON HIJOS,TECNOLOGO,TRABAJO,NO,REGULAR,OTROS,ROJO
284,30,3,MASCULINO,41-55,DE 2´213.152 A 2.950.868,CASADO (A) CON HIJOS,TECNOLOGO,TRABAJO,NO,REGULAR,OTROS,ROJO
284,30,3,MASCULINO,41-55,DE 2´213.152 A 2.950.868,CASADO (A) CON HIJOS,TECNOLOGO,TRABAJO,NO,REGULAR,OTROS,ROJO
287,19,2,FEMENINO,15-22,NO PERCIBE INGRESOS,SOLTERO (A) SIN HIJOS,SECUNDARIA,ESTUDIO,NO,REGULAR,OTROS,NARANJA
287,19,2,FEMENINO,15-22,NO PERCIBE INGRESOS,SOLTERO (A) SIN HIJOS,SECUNDARIA,ESTUDIO,NO,REGULAR,OTROS,NARANJA
287,19,2,FEMENINO,15-22,NO PERCIBE INGRESOS,SOLTERO (A) SIN HIJOS,SECUNDARIA,ESTUDIO,NO,REGULAR,ARTE,NARANJA
288,18,2,FEMENINO,15-22,MENOS DE 737.717,SOLTERO (A) SIN HIJOS,TÉCNICO,ESTUDIO Y TRABAJO,NO,ACEPTABLE,OTROS,OTROS
288,18,2,FEMENINO,15-22,MENOS DE 737.717,SOLTERO (A) SIN HIJOS,TÉCNICO,ESTUDIO Y TRABAJO,NO,ACEPTABLE,OTROS,OTROS
288,18,2,FEMENINO,15-22,MENOS DE 737.717,SOLTERO (A) SIN HIJOS,TÉCNICO,ESTUDIO Y TRABAJO,NO,ACEPTABLE,OTROS,OTROS
294,22,5,FEMENINO,15-22,MENOS DE 737.717,SOLTERO (A) SIN HIJOS,PROFESIONAL,ESTUDIO,NO,REGULAR,OTROS,NARANJA
294,22,5,FEMENINO,15-22,MENOS DE 737.717,SOLTERO (A) SIN HIJOS,PROFESIONAL,ESTUDIO,NO,REGULAR,OTROS,NARANJA
294,22,5,FEMENINO,15-22,MENOS DE 737.717,SOLTERO (A) SIN HIJOS,PROFESIONAL,ESTUDIO,NO,REGULAR,OTROS,NARANJA
299,21,3,MASCULINO,15-22,DE 1´475.435 A 2´213.151,SOLTERO (A) SIN HIJOS,PROFESIONAL,ESTUDIO Y TRABAJO,NO,ACEPTABLE,ARTE,ROJO
299,21,3,MASCULINO,15-22,DE 1´475.435 A 2´213.151,SOLTERO (A) SIN HIJOS,PROFESIONAL,ESTUDIO Y TRABAJO,NO,ACEPTABLE,OTROS,ROJO
299,21,3,MASCULINO,15-22,DE 1´475.435 A 2´213.151,SOLTERO (A) SIN HIJOS,PROFESIONAL,ESTUDIO Y TRABAJO,NO,ACEPTABLE,OTROS,ROJO
300,21,2,MASCULINO,15-22,MENOS DE 737.717,SOLTERO (A) SIN HIJOS,PROFESIONAL,ESTUDIO,NO,ACEPTABLE,OTROS,CAFÉ
300,21,2,MASCULINO,15-22,MENOS DE 737.717,SOLTERO (A) SIN HIJOS,PROFESIONAL,ESTUDIO,NO,ACEPTABLE,OTROS,CAFÉ
300,21,2,MASCULINO,15-22,MENOS DE 737.717,SOLTERO (A) SIN HIJOS,PROFESIONAL,ESTUDIO,NO,ACEPTABLE,OTROS,CAFÉ
301,19,3,FEMENINO,15-22,MENOS DE 737.717,SOLTERO (A) SIN HIJOS,SECUNDARIA,ESTUDIO,NO,DEFICIENTE,OTROS,CAFÉ
301,19,3,FEMENINO,15-22,MENOS DE 737.717,SOLTERO (A) SIN HIJOS,SECUNDARIA,ESTUDIO,NO,DEFICIENTE,OTROS,CAFÉ
301,19,3,FEMENINO,15-22,MENOS DE 737.717,SOLTERO (A) SIN HIJOS,SECUNDARIA,ESTUDIO,NO,DEFICIENTE,OTROS,CAFÉ
303,19,3,MASCULINO,23-40,MENOS DE 737.717,SOLTERO (A) SIN HIJOS,SECUNDARIA,TRABAJO,NO,ACEPTABLE,OTROS,AZUL
303,19,3,MASCULINO,23-40,MENOS DE 737.717,SOLTERO (A) SIN HIJOS,SECUNDARIA,TRABAJO,NO,ACEPTABLE,OTROS,AZUL
303,19,3,MASCULINO,23-40,MENOS DE 737.717,SOLTERO (A) SIN HIJOS,SECUNDARIA,TRABAJO,NO,ACEPTABLE,OTROS,AZUL
311,10,3,MASCULINO,23-40,DE 1´475.435 A 2´213.151,UNIÓN LIBRE CON HIJOS,PROFESIONAL,TRABAJO,NO,REGULAR,ARTE,ROJO
311,10,3,MASCULINO,23-40,DE 1´475.435 A 2´213.151,UNIÓN LIBRE CON HIJOS,PROFESIONAL,TRABAJO,NO,REGULAR,OTROS,ROJO
311,10,3,MASCULINO,23-40,DE 1´475.435 A 2´213.151,UNIÓN LIBRE CON HIJOS,PROFESIONAL,TRABAJO,NO,REGULAR,OTROS,ROJO
312,30,3,FEMENINO,56-70,MENOS DE 737.717,CASADO (A) CON HIJOS,PROFESIONAL,HOGAR,NO,BUENA,OTROS,VERDE
312,30,3,FEMENINO,56-70,MENOS DE 737.717,CASADO (A) CON HIJOS,PROFESIONAL,HOGAR,NO,BUENA,DIVERSIDAD.,VERDE
312,30,3,FEMENINO,56-70,MENOS DE 737.717,CASADO (A) CON HIJOS,PROFESIONAL,HOGAR,NO,BUENA,CONOCIMIENTO,VERDE
316,26,3,FEMENINO,23-40,DE 737.718 A 1´475.434,SOLTERO (A) SIN HIJOS,PROFESIONAL,TRABAJO,NO,DEFICIENTE,DIVERSIDAD.,ROJO
316,26,3,FEMENINO,23-40,DE 737.718 A 1´475.434,SOLTERO (A) SIN HIJOS,PROFESIONAL,TRABAJO,NO,DEFICIENTE,ARTE,ROJO
316,26,3,FEMENINO,23-40,DE 737.718 A 1´475.434,SOLTERO (A) SIN HIJOS,PROFESIONAL,TRABAJO,NO,DEFICIENTE,TEATROS,ROJO
318,9,5,FEMENINO,23-40,NO PERCIBE INGRESOS,SOLTERO (A) SIN HIJOS,POSTGRADO,ESTUDIO,NO,REGULAR,OTROS,AZUL
318,9,5,FEMENINO,23-40,NO PERCIBE INGRESOS,SOLTERO (A) SIN HIJOS,POSTGRADO,ESTUDIO,NO,REGULAR,OTROS,AZUL
318,9,5,FEMENINO,23-40,NO PERCIBE INGRESOS,SOLTERO (A) SIN HIJOS,POSTGRADO,ESTUDIO,NO,REGULAR,TRADICIONES,AZUL
324,41,4,FEMENINO,41-55,DE 2´950.869 A 3´688.585,SOLTERO (A) SIN HIJOS,POSTGRADO,TRABAJO,NO,DEFICIENTE,OTROS,ROJO
324,41,4,FEMENINO,41-55,DE 2´950.869 A 3´688.585,SOLTERO (A) SIN HIJOS,POSTGRADO,TRABAJO,NO,DEFICIENTE,OTROS,ROJO
324,41,4,FEMENINO,41-55,DE 2´950.869 A 3´688.585,SOLTERO (A) SIN HIJOS,POSTGRADO,TRABAJO,NO,DEFICIENTE,CONOCIMIENTO,ROJO
326,26,3,MASCULINO,23-40,DE 1´475.435 A 2´213.151,SOLTERO (A) SIN HIJOS,TECNOLOGO,ESTUDIO Y TRABAJO,NO,REGULAR,TEATROS,AZUL
326,26,3,MASCULINO,23-40,DE 1´475.435 A 2´213.151,SOLTERO (A) SIN HIJOS,TECNOLOGO,ESTUDIO Y TRABAJO,NO,REGULAR,OTROS,AZUL
326,26,3,MASCULINO,23-40,DE 1´475.435 A 2´213.151,SOLTERO (A) SIN HIJOS,TECNOLOGO,ESTUDIO Y TRABAJO,NO,REGULAR,OTROS,AZUL
332,4,3,MASCULINO,15-22,MENOS DE 737.717,SOLTERO (A) SIN HIJOS,SECUNDARIA,ESTUDIO,NO,BUENA,CONOCIMIENTO,NARANJA
332,4,3,MASCULINO,15-22,MENOS DE 737.717,SOLTERO (A) SIN HIJOS,SECUNDARIA,ESTUDIO,NO,BUENA,OTROS,NARANJA
332,4,3,MASCULINO,15-22,MENOS DE 737.717,SOLTERO (A) SIN HIJOS,SECUNDARIA,ESTUDIO,NO,BUENA,ARTE,NARANJA
335,19,2,FEMENINO,15-22,DE 737.718 A 1´475.434,SOLTERO (A) SIN HIJOS,PROFESIONAL,ESTUDIO,NO,REGULAR,OTROS,VERDE
335,19,2,FEMENINO,15-22,DE 737.718 A 1´475.434,SOLTERO (A) SIN HIJOS,PROFESIONAL,ESTUDIO,NO,REGULAR,ARTE,VERDE
335,19,2,FEMENINO,15-22,DE 737.718 A 1´475.434,SOLTERO (A) SIN HIJOS,PROFESIONAL,ESTUDIO,NO,REGULAR,OTROS,VERDE
336,20,3,FEMENINO,15-22,DE 737.718 A 1´475.434,SOLTERO (A) SIN HIJOS,TÉCNICO,TRABAJO,NO,ACEPTABLE,EDUCACION,CAFÉ
336,20,3,FEMENINO,15-22,DE 737.718 A 1´475.434,SOLTERO (A) SIN HIJOS,TÉCNICO,TRABAJO,NO,ACEPTABLE,OTROS,CAFÉ
336,20,3,FEMENINO,15-22,DE 737.718 A 1´475.434,SOLTERO (A) SIN HIJOS,TÉCNICO,TRABAJO,NO,ACEPTABLE,OTROS,CAFÉ
337,50,3,MASCULINO,41-55,DE 737.718 A 1´475.434,CASADO (A) CON HIJOS,BÁSICO,TRABAJO,NO,REGULAR,OTROS,NEGRO
337,50,3,MASCULINO,41-55,DE 737.718 A 1´475.434,CASADO (A) CON HIJOS,BÁSICO,TRABAJO,NO,REGULAR,OTROS,NEGRO
337,50,3,MASCULINO,41-55,DE 737.718 A 1´475.434,CASADO (A) CON HIJOS,BÁSICO,TRABAJO,NO,REGULAR,OTROS,NEGRO
338,15,3,FEMENINO,15-22,NO PERCIBE INGRESOS,SOLTERO (A) SIN HIJOS,SECUNDARIA,ESTUDIO,NO,REGULAR,TEATROS,OTROS
338,15,3,FEMENINO,15-22,NO PERCIBE INGRESOS,SOLTERO (A) SIN HIJOS,SECUNDARIA,ESTUDIO,NO,REGULAR,OTROS,OTROS
338,15,3,FEMENINO,15-22,NO PERCIBE INGRESOS,SOLTERO (A) SIN HIJOS,SECUNDARIA,ESTUDIO,NO,REGULAR,CONOCIMIENTO,OTROS
339,27,4,MASCULINO,23-40,DE 2´213.152 A 2.950.868,SOLTERO (A) CON HIJOS,PROFESIONAL,TRABAJO,NO,REGULAR,OTROS,GRIS
339,27,4,MASCULINO,23-40,DE 2´213.152 A 2.950.868,SOLTERO (A) CON HIJOS,PROFESIONAL,TRABAJO,NO,REGULAR,OTROS,GRIS
339,27,4,MASCULINO,23-40,DE 2´213.152 A 2.950.868,SOLTERO (A) CON HIJOS,PROFESIONAL,TRABAJO,NO,REGULAR,APORTES,GRIS
348,23,2,MASCULINO,23-40,MENOS DE 737.717,SOLTERO (A) SIN HIJOS,TÉCNICO,TRABAJO,NO,BUENA,MÚSICA,ROJO
348,23,2,MASCULINO,23-40,MENOS DE 737.717,SOLTERO (A) SIN HIJOS,TÉCNICO,TRABAJO,NO,BUENA,OTROS,ROJO
348,23,2,MASCULINO,23-40,MENOS DE 737.717,SOLTERO (A) SIN HIJOS,TÉCNICO,TRABAJO,NO,BUENA,OTROS,ROJO
349,25,3,MASCULINO,23-40,DE 737.718 A 1´475.434,SOLTERO (A) SIN HIJOS,TÉCNICO,ESTUDIO,NO,REGULAR,TEATROS,ROJO
349,25,3,MASCULINO,23-40,DE 737.718 A 1´475.434,SOLTERO (A) SIN HIJOS,TÉCNICO,ESTUDIO,NO,REGULAR,CONOCIMIENTO,ROJO
349,25,3,MASCULINO,23-40,DE 737.718 A 1´475.434,SOLTERO (A) SIN HIJOS,TÉCNICO,ESTUDIO,NO,REGULAR,APORTES,ROJO
350,52,3,FEMENINO,41-55,DE 737.718 A 1´475.434,CASADO (A) CON HIJOS,BÁSICO,HOGAR,NO,REGULAR,TEATROS,OTROS
350,52,3,FEMENINO,41-55,DE 737.718 A 1´475.434,CASADO (A) CON HIJOS,BÁSICO,HOGAR,NO,REGULAR,OTROS,OTROS
350,52,3,FEMENINO,41-55,DE 737.718 A 1´475.434,CASADO (A) CON HIJOS,BÁSICO,HOGAR,NO,REGULAR,CONOCIMIENTO,OTROS
351,25,2,FEMENINO,23-40,DE 737.718 A 1´475.434,SOLTERO (A) CON HIJOS,SECUNDARIA,TRABAJO,NO,REGULAR,MÚSICA,CAFÉ
351,25,2,FEMENINO,23-40,DE 737.718 A 1´475.434,SOLTERO (A) CON HIJOS,SECUNDARIA,TRABAJO,NO,REGULAR,EDUCACION,CAFÉ
351,25,2,FEMENINO,23-40,DE 737.718 A 1´475.434,SOLTERO (A) CON HIJOS,SECUNDARIA,TRABAJO,NO,REGULAR,OTROS,CAFÉ
352,23,2,MASCULINO,23-40,DE 737.718 A 1´475.434,SOLTERO (A) SIN HIJOS,SECUNDARIA,ESTUDIO,NO,ACEPTABLE,TRADICIONES,AMARILLO
352,23,2,MASCULINO,23-40,DE 737.718 A 1´475.434,SOLTERO (A) SIN HIJOS,SECUNDARIA,ESTUDIO,NO,ACEPTABLE,OTROS,AMARILLO
352,23,2,MASCULINO,23-40,DE 737.718 A 1´475.434,SOLTERO (A) SIN HIJOS,SECUNDARIA,ESTUDIO,NO,ACEPTABLE,OTROS,AMARILLO
353,20,3,MASCULINO,15-22,DE 737.718 A 1´475.434,SOLTERO (A) SIN HIJOS,SECUNDARIA,ESTUDIO,NO,REGULAR,OTROS,MORADO
353,20,3,MASCULINO,15-22,DE 737.718 A 1´475.434,SOLTERO (A) SIN HIJOS,SECUNDARIA,ESTUDIO,NO,REGULAR,OTROS,MORADO
353,20,3,MASCULINO,15-22,DE 737.718 A 1´475.434,SOLTERO (A) SIN HIJOS,SECUNDARIA,ESTUDIO,NO,REGULAR,ALEGRIA,MORADO
354,20,2,MASCULINO,15-22,DE 737.718 A 1´475.434,SOLTERO (A) SIN HIJOS,SECUNDARIA,TRABAJO,NO,BUENA,ALEGRIA,AZUL
354,20,2,MASCULINO,15-22,DE 737.718 A 1´475.434,SOLTERO (A) SIN HIJOS,SECUNDARIA,TRABAJO,NO,BUENA,OTROS,AZUL
354,20,2,MASCULINO,15-22,DE 737.718 A 1´475.434,SOLTERO (A) SIN HIJOS,SECUNDARIA,TRABAJO,NO,BUENA,OTROS,AZUL
356,21,2,FEMENINO,15-22,MENOS DE 737.717,UNIÓN LIBRE CON HIJOS,PROFESIONAL,ESTUDIO,NO,BUENA,OTROS,VERDE
356,21,2,FEMENINO,15-22,MENOS DE 737.717,UNIÓN LIBRE CON HIJOS,PROFESIONAL,ESTUDIO,NO,BUENA,OTROS,VERDE
356,21,2,FEMENINO,15-22,MENOS DE 737.717,UNIÓN LIBRE CON HIJOS,PROFESIONAL,ESTUDIO,NO,BUENA,APORTES,VERDE
376,20,3,MASCULINO,23-40,DE 737.718 A 1´475.434,SOLTERO (A) SIN HIJOS,PROFESIONAL,TRABAJO,NO,ACEPTABLE,OTROS,AMARILLO
376,20,3,MASCULINO,23-40,DE 737.718 A 1´475.434,SOLTERO (A) SIN HIJOS,PROFESIONAL,TRABAJO,NO,ACEPTABLE,OTROS,AMARILLO
376,20,3,MASCULINO,23-40,DE 737.718 A 1´475.434,SOLTERO (A) SIN HIJOS,PROFESIONAL,TRABAJO,NO,ACEPTABLE,OTROS,AMARILLO
377,20,2,FEMENINO,15-22,DE 1´475.435 A 2´213.151,SOLTERO (A) SIN HIJOS,PROFESIONAL,ESTUDIO,NO,ACEPTABLE,ARTE,ROJO
377,20,2,FEMENINO,15-22,DE 1´475.435 A 2´213.151,SOLTERO (A) SIN HIJOS,PROFESIONAL,ESTUDIO,NO,ACEPTABLE,MÚSICA,ROJO
377,20,2,FEMENINO,15-22,DE 1´475.435 A 2´213.151,SOLTERO (A) SIN HIJOS,PROFESIONAL,ESTUDIO,NO,ACEPTABLE,OTROS,ROJO
382,21,3,FEMENINO,15-22,NO PERCIBE INGRESOS,SOLTERO (A) SIN HIJOS,SECUNDARIA,ESTUDIO,NO,DEFICIENTE,DIVERSIDAD.,AZUL
382,21,3,FEMENINO,15-22,NO PERCIBE INGRESOS,SOLTERO (A) SIN HIJOS,SECUNDARIA,ESTUDIO,NO,DEFICIENTE,ARTE,AZUL
382,21,3,FEMENINO,15-22,NO PERCIBE INGRESOS,SOLTERO (A) SIN HIJOS,SECUNDARIA,ESTUDIO,NO,DEFICIENTE,OTROS,AZUL
383,21,3,FEMENINO,15-22,NO PERCIBE INGRESOS,SOLTERO (A) SIN HIJOS,SECUNDARIA,ESTUDIO,NO,DEFICIENTE,ARTE,AMARILLO
383,21,3,FEMENINO,15-22,NO PERCIBE INGRESOS,SOLTERO (A) SIN HIJOS,SECUNDARIA,ESTUDIO,NO,DEFICIENTE,DIVERSIDAD.,AMARILLO
383,21,3,FEMENINO,15-22,NO PERCIBE INGRESOS,SOLTERO (A) SIN HIJOS,SECUNDARIA,ESTUDIO,NO,DEFICIENTE,OTROS,AMARILLO
2,30,3,MASCULINO,41-55,DE 737.718 A 1´475.434,SOLTERO (A) CON HIJOS,TÉCNICO,TRABAJO,SI,REGULAR,OTROS,ROJO
2,30,3,MASCULINO,41-55,DE 737.718 A 1´475.434,SOLTERO (A) CON HIJOS,TÉCNICO,TRABAJO,SI,REGULAR,OTROS,ROJO
2,30,3,MASCULINO,41-55,DE 737.718 A 1´475.434,SOLTERO (A) CON HIJOS,TÉCNICO,TRABAJO,SI,REGULAR,OTROS,ROJO
5,44,6,FEMENINO,41-55,3´688.586 O MÁS,CASADO (A) CON HIJOS,POSTGRADO,TRABAJO,SI,ACEPTABLE,OTROS,ROJO
5,44,6,FEMENINO,41-55,3´688.586 O MÁS,CASADO (A) CON HIJOS,POSTGRADO,TRABAJO,SI,ACEPTABLE,OTROS,ROJO
5,44,6,FEMENINO,41-55,3´688.586 O MÁS,CASADO (A) CON HIJOS,POSTGRADO,TRABAJO,SI,ACEPTABLE,OTROS,ROJO
27,25,3,FEMENINO,23-40,DE 737.718 A 1´475.434,SOLTERO (A) SIN HIJOS,TÉCNICO,TRABAJO,SI,BUENA,OTROS,AMARILLO
27,25,3,FEMENINO,23-40,DE 737.718 A 1´475.434,SOLTERO (A) SIN HIJOS,TÉCNICO,TRABAJO,SI,BUENA,OTROS,AMARILLO
27,25,3,FEMENINO,23-40,DE 737.718 A 1´475.434,SOLTERO (A) SIN HIJOS,TÉCNICO,TRABAJO,SI,BUENA,OTROS,AMARILLO
33,17,3,FEMENINO,15-22,NO PERCIBE INGRESOS,SOLTERO (A) SIN HIJOS,SECUNDARIA,ESTUDIO,SI,REGULAR,FESTIVALES,OTROS
33,17,3,FEMENINO,15-22,NO PERCIBE INGRESOS,SOLTERO (A) SIN HIJOS,SECUNDARIA,ESTUDIO,SI,REGULAR,OTROS,OTROS
33,17,3,FEMENINO,15-22,NO PERCIBE INGRESOS,SOLTERO (A) SIN HIJOS,SECUNDARIA,ESTUDIO,SI,REGULAR,OTROS,OTROS
35,41,4,FEMENINO,41-55,DE 2´950.869 A 3´688.585,SOLTERO (A) SIN HIJOS,PROFESIONAL,TRABAJO,SI,DEFICIENTE,OTROS,AMARILLO
35,41,4,FEMENINO,41-55,DE 2´950.869 A 3´688.585,SOLTERO (A) SIN HIJOS,PROFESIONAL,TRABAJO,SI,DEFICIENTE,OTROS,AMARILLO
35,41,4,FEMENINO,41-55,DE 2´950.869 A 3´688.585,SOLTERO (A) SIN HIJOS,PROFESIONAL,TRABAJO,SI,DEFICIENTE,FESTIVALES,AMARILLO
40,40,5,FEMENINO,41-55,DE 2´950.869 A 3´688.585,CASADO (A) SIN HIJOS,POSTGRADO,ESTUDIO,SI,REGULAR,OTROS,MORADO
40,40,5,FEMENINO,41-55,DE 2´950.869 A 3´688.585,CASADO (A) SIN HIJOS,POSTGRADO,ESTUDIO,SI,REGULAR,OTROS,MORADO
40,40,5,FEMENINO,41-55,DE 2´950.869 A 3´688.585,CASADO (A) SIN HIJOS,POSTGRADO,ESTUDIO,SI,REGULAR,OTROS,MORADO
46,21,3,MASCULINO,15-22,MENOS DE 737.717,SOLTERO (A) SIN HIJOS,SECUNDARIA,ESTUDIO,SI,BUENA,DIVERSIDAD.,AZUL
46,21,3,MASCULINO,15-22,MENOS DE 737.717,SOLTERO (A) SIN HIJOS,SECUNDARIA,ESTUDIO,SI,BUENA,OTROS,AZUL
46,21,3,MASCULINO,15-22,MENOS DE 737.717,SOLTERO (A) SIN HIJOS,SECUNDARIA,ESTUDIO,SI,BUENA,OTROS,AZUL
48,3,2,FEMENINO,23-40,DE 737.718 A 1´475.434,SOLTERO (A) SIN HIJOS,TECNOLOGO,ESTUDIO,SI,ACEPTABLE,OTROS,VERDE
48,3,2,FEMENINO,23-40,DE 737.718 A 1´475.434,SOLTERO (A) SIN HIJOS,TECNOLOGO,ESTUDIO,SI,ACEPTABLE,MÚSICA,VERDE
48,3,2,FEMENINO,23-40,DE 737.718 A 1´475.434,SOLTERO (A) SIN HIJOS,TECNOLOGO,ESTUDIO,SI,ACEPTABLE,ARTE,VERDE
49,12,3,FEMENINO,23-40,MENOS DE 737.717,CASADO (A) CON HIJOS,TECNOLOGO,ESTUDIO,SI,BUENA,OTROS,ROJO
49,12,3,FEMENINO,23-40,MENOS DE 737.717,CASADO (A) CON HIJOS,TECNOLOGO,ESTUDIO,SI,BUENA,MÚSICA,ROJO
49,12,3,FEMENINO,23-40,MENOS DE 737.717,CASADO (A) CON HIJOS,TECNOLOGO,ESTUDIO,SI,BUENA,OTROS,ROJO
51,13,2,MASCULINO,23-40,NO PERCIBE INGRESOS,SOLTERO (A) SIN HIJOS,PROFESIONAL,ESTUDIO,SI,EXCELENTE,OTROS,AMARILLO
51,13,2,MASCULINO,23-40,NO PERCIBE INGRESOS,SOLTERO (A) SIN HIJOS,PROFESIONAL,ESTUDIO,SI,EXCELENTE,OTROS,AMARILLO
51,13,2,MASCULINO,23-40,NO PERCIBE INGRESOS,SOLTERO (A) SIN HIJOS,PROFESIONAL,ESTUDIO,SI,EXCELENTE,OTROS,AMARILLO
52,29,3,MASCULINO,23-40,MENOS DE 737.717,SOLTERO (A) SIN HIJOS,TECNOLOGO,ESTUDIO Y TRABAJO,SI,ACEPTABLE,OTROS,VERDE
52,29,3,MASCULINO,23-40,MENOS DE 737.717,SOLTERO (A) SIN HIJOS,TECNOLOGO,ESTUDIO Y TRABAJO,SI,ACEPTABLE,OTROS,VERDE
52,29,3,MASCULINO,23-40,MENOS DE 737.717,SOLTERO (A) SIN HIJOS,TECNOLOGO,ESTUDIO Y TRABAJO,SI,ACEPTABLE,OTROS,VERDE
56,30,2,MASCULINO,23-40,DE 737.718 A 1´475.434,SOLTERO (A) SIN HIJOS,PROFESIONAL,TRABAJO,SI,ACEPTABLE,OTROS,ROJO
56,30,2,MASCULINO,23-40,DE 737.718 A 1´475.434,SOLTERO (A) SIN HIJOS,PROFESIONAL,TRABAJO,SI,ACEPTABLE,OTROS,ROJO
56,30,2,MASCULINO,23-40,DE 737.718 A 1´475.434,SOLTERO (A) SIN HIJOS,PROFESIONAL,TRABAJO,SI,ACEPTABLE,OTROS,ROJO
62,22,2,MASCULINO,15-22,DE 737.718 A 1´475.434,SOLTERO (A) SIN HIJOS,SECUNDARIA,ESTUDIO Y TRABAJO,SI,REGULAR,MÚSICA,AZUL
62,22,2,MASCULINO,15-22,DE 737.718 A 1´475.434,SOLTERO (A) SIN HIJOS,SECUNDARIA,ESTUDIO Y TRABAJO,SI,REGULAR,OTROS,AZUL
62,22,2,MASCULINO,15-22,DE 737.718 A 1´475.434,SOLTERO (A) SIN HIJOS,SECUNDARIA,ESTUDIO Y TRABAJO,SI,REGULAR,OTROS,AZUL
65,20,3,FEMENINO,56-70,DE 1´475.435 A 2´213.151,SOLTERO (A) SIN HIJOS,SECUNDARIA,TRABAJO,SI,BUENA,OTROS,AZUL
65,20,3,FEMENINO,56-70,DE 1´475.435 A 2´213.151,SOLTERO (A) SIN HIJOS,SECUNDARIA,TRABAJO,SI,BUENA,OTROS,AZUL
65,20,3,FEMENINO,56-70,DE 1´475.435 A 2´213.151,SOLTERO (A) SIN HIJOS,SECUNDARIA,TRABAJO,SI,BUENA,OTROS,AZUL
68,23,4,MASCULINO,23-40,DE 737.718 A 1´475.434,SOLTERO (A) SIN HIJOS,PROFESIONAL,TRABAJO,SI,REGULAR,OTROS,GRIS
68,23,4,MASCULINO,23-40,DE 737.718 A 1´475.434,SOLTERO (A) SIN HIJOS,PROFESIONAL,TRABAJO,SI,REGULAR,DIVERSIDAD.,GRIS
68,23,4,MASCULINO,23-40,DE 737.718 A 1´475.434,SOLTERO (A) SIN HIJOS,PROFESIONAL,TRABAJO,SI,REGULAR,OTROS,GRIS
70,27,2,FEMENINO,23-40,DE 737.718 A 1´475.434,SOLTERO (A) SIN HIJOS,TECNOLOGO,ESTUDIO Y TRABAJO,SI,ACEPTABLE,OTROS,VERDE
70,27,2,FEMENINO,23-40,DE 737.718 A 1´475.434,SOLTERO (A) SIN HIJOS,TECNOLOGO,ESTUDIO Y TRABAJO,SI,ACEPTABLE,OTROS,VERDE
70,27,2,FEMENINO,23-40,DE 737.718 A 1´475.434,SOLTERO (A) SIN HIJOS,TECNOLOGO,ESTUDIO Y TRABAJO,SI,ACEPTABLE,OTROS,VERDE
71,49,3,FEMENINO,41-55,DE 1´475.435 A 2´213.151,SEPARADO (A) CON HIJOS,TÉCNICO,TRABAJO,SI,REGULAR,ARTE,AZUL
71,49,3,FEMENINO,41-55,DE 1´475.435 A 2´213.151,SEPARADO (A) CON HIJOS,TÉCNICO,TRABAJO,SI,REGULAR,OTROS,AZUL
71,49,3,FEMENINO,41-55,DE 1´475.435 A 2´213.151,SEPARADO (A) CON HIJOS,TÉCNICO,TRABAJO,SI,REGULAR,MÚSICA,AZUL
72,27,3,MASCULINO,23-40,DE 1´475.435 A 2´213.151,SOLTERO (A) SIN HIJOS,PROFESIONAL,ESTUDIO Y TRABAJO,SI,BUENA,ARTE,MARRON
72,27,3,MASCULINO,23-40,DE 1´475.435 A 2´213.151,SOLTERO (A) SIN HIJOS,PROFESIONAL,ESTUDIO Y TRABAJO,SI,BUENA,OTROS,MARRON
72,27,3,MASCULINO,23-40,DE 1´475.435 A 2´213.151,SOLTERO (A) SIN HIJOS,PROFESIONAL,ESTUDIO Y TRABAJO,SI,BUENA,OTROS,MARRON
73,32,3,MASCULINO,23-40,MENOS DE 737.717,SOLTERO (A) CON HIJOS,TECNOLOGO,TRABAJO,SI,ACEPTABLE,OTROS,AMARILLO
73,32,3,MASCULINO,23-40,MENOS DE 737.717,SOLTERO (A) CON HIJOS,TECNOLOGO,TRABAJO,SI,ACEPTABLE,OTROS,AMARILLO
73,32,3,MASCULINO,23-40,MENOS DE 737.717,SOLTERO (A) CON HIJOS,TECNOLOGO,TRABAJO,SI,ACEPTABLE,OTROS,AMARILLO
77,32,2,MASCULINO,23-40,DE 2´213.152 A 2.950.868,SOLTERO (A) SIN HIJOS,PROFESIONAL,TRABAJO,SI,BUENA,ARTE,AZUL
77,32,2,MASCULINO,23-40,DE 2´213.152 A 2.950.868,SOLTERO (A) SIN HIJOS,PROFESIONAL,TRABAJO,SI,BUENA,OTROS,AZUL
77,32,2,MASCULINO,23-40,DE 2´213.152 A 2.950.868,SOLTERO (A) SIN HIJOS,PROFESIONAL,TRABAJO,SI,BUENA,OTROS,AZUL
81,28,3,MASCULINO,23-40,DE 1´475.435 A 2´213.151,SOLTERO (A) SIN HIJOS,PROFESIONAL,TRABAJO,SI,REGULAR,OTROS,AZUL
81,28,3,MASCULINO,23-40,DE 1´475.435 A 2´213.151,SOLTERO (A) SIN HIJOS,PROFESIONAL,TRABAJO,SI,REGULAR,OTROS,AZUL
81,28,3,MASCULINO,23-40,DE 1´475.435 A 2´213.151,SOLTERO (A) SIN HIJOS,PROFESIONAL,TRABAJO,SI,REGULAR,OTROS,AZUL
83,1,3,FEMENINO,23-40,NO PERCIBE INGRESOS,SOLTERO (A) SIN HIJOS,PROFESIONAL,ESTUDIO,SI,REGULAR,OTROS,AZUL
83,1,3,FEMENINO,23-40,NO PERCIBE INGRESOS,SOLTERO (A) SIN HIJOS,PROFESIONAL,ESTUDIO,SI,REGULAR,OTROS,AZUL
83,1,3,FEMENINO,23-40,NO PERCIBE INGRESOS,SOLTERO (A) SIN HIJOS,PROFESIONAL,ESTUDIO,SI,REGULAR,OTROS,AZUL
88,9,3,MASCULINO,23-40,DE 737.718 A 1´475.434,CASADO (A) CON HIJOS,SECUNDARIA,TRABAJO,SI,REGULAR,OTROS,OTROS
88,9,3,MASCULINO,23-40,DE 737.718 A 1´475.434,CASADO (A) CON HIJOS,SECUNDARIA,TRABAJO,SI,REGULAR,FESTIVALES,OTROS
88,9,3,MASCULINO,23-40,DE 737.718 A 1´475.434,CASADO (A) CON HIJOS,SECUNDARIA,TRABAJO,SI,REGULAR,MÚSICA,OTROS
95,2,2,FEMENINO,23-40,DE 737.718 A 1´475.434,SOLTERO (A) SIN HIJOS,PROFESIONAL,TRABAJO,SI,BUENA,OTROS,CAFÉ
95,2,2,FEMENINO,23-40,DE 737.718 A 1´475.434,SOLTERO (A) SIN HIJOS,PROFESIONAL,TRABAJO,SI,BUENA,ARTE,CAFÉ
95,2,2,FEMENINO,23-40,DE 737.718 A 1´475.434,SOLTERO (A) SIN HIJOS,PROFESIONAL,TRABAJO,SI,BUENA,OTROS,CAFÉ
97,58,4,MASCULINO,56-70,DE 2´213.152 A 2.950.868,CASADO (A) CON HIJOS,PROFESIONAL,TRABAJO,SI,BUENA,OTROS,DORADO
97,58,4,MASCULINO,56-70,DE 2´213.152 A 2.950.868,CASADO (A) CON HIJOS,PROFESIONAL,TRABAJO,SI,BUENA,OTROS,DORADO
97,58,4,MASCULINO,56-70,DE 2´213.152 A 2.950.868,CASADO (A) CON HIJOS,PROFESIONAL,TRABAJO,SI,BUENA,APORTES,DORADO
98,30,2,MASCULINO,23-40,DE 737.718 A 1´475.434,SEPARADO (A) CON HIJOS,TECNOLOGO,ESTUDIO Y TRABAJO,SI,BUENA,ARTE,AMARILLO
98,30,2,MASCULINO,23-40,DE 737.718 A 1´475.434,SEPARADO (A) CON HIJOS,TECNOLOGO,ESTUDIO Y TRABAJO,SI,BUENA,OTROS,AMARILLO
98,30,2,MASCULINO,23-40,DE 737.718 A 1´475.434,SEPARADO (A) CON HIJOS,TECNOLOGO,ESTUDIO Y TRABAJO,SI,BUENA,CONOCIMIENTO,AMARILLO
103,28,3,FEMENINO,23-40,DE 737.718 A 1´475.434,SOLTERO (A) CON HIJOS,SECUNDARIA,TRABAJO,SI,ACEPTABLE,APORTES,DORADO
103,28,3,FEMENINO,23-40,DE 737.718 A 1´475.434,SOLTERO (A) CON HIJOS,SECUNDARIA,TRABAJO,SI,ACEPTABLE,OTROS,DORADO
103,28,3,FEMENINO,23-40,DE 737.718 A 1´475.434,SOLTERO (A) CON HIJOS,SECUNDARIA,TRABAJO,SI,ACEPTABLE,OTROS,DORADO
105,75,3,MASCULINO,71 O MÁS,DE 1´475.435 A 2´213.151,CASADO (A) CON HIJOS,TECNOLOGO,TRABAJO,SI,BUENA,CONOCIMIENTO,NEGRO
105,75,3,MASCULINO,71 O MÁS,DE 1´475.435 A 2´213.151,CASADO (A) CON HIJOS,TECNOLOGO,TRABAJO,SI,BUENA,OTROS,NEGRO
105,75,3,MASCULINO,71 O MÁS,DE 1´475.435 A 2´213.151,CASADO (A) CON HIJOS,TECNOLOGO,TRABAJO,SI,BUENA,APORTES,NEGRO
112,3,3,MASCULINO,15-22,MENOS DE 737.717,SOLTERO (A) SIN HIJOS,SECUNDARIA,ESTUDIO,SI,ACEPTABLE,OTROS,AZUL
112,3,3,MASCULINO,15-22,MENOS DE 737.717,SOLTERO (A) SIN HIJOS,SECUNDARIA,ESTUDIO,SI,ACEPTABLE,OTROS,AZUL
112,3,3,MASCULINO,15-22,MENOS DE 737.717,SOLTERO (A) SIN HIJOS,SECUNDARIA,ESTUDIO,SI,ACEPTABLE,OTROS,AZUL
118,4,2,MASCULINO,23-40,MENOS DE 737.717,SOLTERO (A) SIN HIJOS,SECUNDARIA,TRABAJO,SI,REGULAR,OTROS,AZUL
118,4,2,MASCULINO,23-40,MENOS DE 737.717,SOLTERO (A) SIN HIJOS,SECUNDARIA,TRABAJO,SI,REGULAR,OTROS,AZUL
118,4,2,MASCULINO,23-40,MENOS DE 737.717,SOLTERO (A) SIN HIJOS,SECUNDARIA,TRABAJO,SI,REGULAR,OTROS,AZUL
119,1,1,FEMENINO,23-40,MENOS DE 737.717,SOLTERO (A) SIN HIJOS,SECUNDARIA,TRABAJO,SI,BUENA,OTROS,NEGRO
119,1,1,FEMENINO,23-40,MENOS DE 737.717,SOLTERO (A) SIN HIJOS,SECUNDARIA,TRABAJO,SI,BUENA,OTROS,NEGRO
119,1,1,FEMENINO,23-40,MENOS DE 737.717,SOLTERO (A) SIN HIJOS,SECUNDARIA,TRABAJO,SI,BUENA,OTROS,NEGRO
120,21,3,FEMENINO,15-22,MENOS DE 737.717,SOLTERO (A) SIN HIJOS,SECUNDARIA,ESTUDIO,SI,ACEPTABLE,OTROS,AMARILLO
120,21,3,FEMENINO,15-22,MENOS DE 737.717,SOLTERO (A) SIN HIJOS,SECUNDARIA,ESTUDIO,SI,ACEPTABLE,OTROS,AMARILLO
120,21,3,FEMENINO,15-22,MENOS DE 737.717,SOLTERO (A) SIN HIJOS,SECUNDARIA,ESTUDIO,SI,ACEPTABLE,OTROS,AMARILLO
121,21,3,MASCULINO,15-22,DE 737.718 A 1´475.434,SOLTERO (A) SIN HIJOS,SECUNDARIA,ESTUDIO,SI,REGULAR,ARTE,AZUL
121,21,3,MASCULINO,15-22,DE 737.718 A 1´475.434,SOLTERO (A) SIN HIJOS,SECUNDARIA,ESTUDIO,SI,REGULAR,OTROS,AZUL
121,21,3,MASCULINO,15-22,DE 737.718 A 1´475.434,SOLTERO (A) SIN HIJOS,SECUNDARIA,ESTUDIO,SI,REGULAR,OTROS,AZUL
128,19,2,FEMENINO,15-22,MENOS DE 737.717,SOLTERO (A) SIN HIJOS,PROFESIONAL,ESTUDIO Y TRABAJO,SI,REGULAR,OTROS,VERDE
128,19,2,FEMENINO,15-22,MENOS DE 737.717,SOLTERO (A) SIN HIJOS,PROFESIONAL,ESTUDIO Y TRABAJO,SI,REGULAR,OTROS,VERDE
128,19,2,FEMENINO,15-22,MENOS DE 737.717,SOLTERO (A) SIN HIJOS,PROFESIONAL,ESTUDIO Y TRABAJO,SI,REGULAR,OTROS,VERDE
131,20,2,FEMENINO,15-22,DE 1´475.435 A 2´213.151,SOLTERO (A) SIN HIJOS,TECNOLOGO,ESTUDIO Y TRABAJO,SI,REGULAR,MÚSICA,AZUL
131,20,2,FEMENINO,15-22,DE 1´475.435 A 2´213.151,SOLTERO (A) SIN HIJOS,TECNOLOGO,ESTUDIO Y TRABAJO,SI,REGULAR,ARTE,AZUL
131,20,2,FEMENINO,15-22,DE 1´475.435 A 2´213.151,SOLTERO (A) SIN HIJOS,TECNOLOGO,ESTUDIO Y TRABAJO,SI,REGULAR,DIVERSIDAD.,AZUL
136,70,3,FEMENINO,56-70,DE 737.718 A 1´475.434,CASADO (A) CON HIJOS,PROFESIONAL,TRABAJO,SI,BUENA,OTROS,OTROS
136,70,3,FEMENINO,56-70,DE 737.718 A 1´475.434,CASADO (A) CON HIJOS,PROFESIONAL,TRABAJO,SI,BUENA,EXPOSICIONES,OTROS
136,70,3,FEMENINO,56-70,DE 737.718 A 1´475.434,CASADO (A) CON HIJOS,PROFESIONAL,TRABAJO,SI,BUENA,OTROS,OTROS
137,22,4,MASCULINO,15-22,DE 737.718 A 1´475.434,SOLTERO (A) SIN HIJOS,SECUNDARIA,ESTUDIO,SI,DEFICIENTE,OTROS,AZUL
137,22,4,MASCULINO,15-22,DE 737.718 A 1´475.434,SOLTERO (A) SIN HIJOS,SECUNDARIA,ESTUDIO,SI,DEFICIENTE,OTROS,AZUL
137,22,4,MASCULINO,15-22,DE 737.718 A 1´475.434,SOLTERO (A) SIN HIJOS,SECUNDARIA,ESTUDIO,SI,DEFICIENTE,OTROS,AZUL
142,1,3,MASCULINO,23-40,DE 737.718 A 1´475.434,SOLTERO (A) SIN HIJOS,TÉCNICO,TRABAJO,SI,BUENA,ARTE,AMARILLO
142,1,3,MASCULINO,23-40,DE 737.718 A 1´475.434,SOLTERO (A) SIN HIJOS,TÉCNICO,TRABAJO,SI,BUENA,MÚSICA,AMARILLO
142,1,3,MASCULINO,23-40,DE 737.718 A 1´475.434,SOLTERO (A) SIN HIJOS,TÉCNICO,TRABAJO,SI,BUENA,OTROS,AMARILLO
145,23,3,MASCULINO,23-40,MENOS DE 737.717,SOLTERO (A) SIN HIJOS,SECUNDARIA,ESTUDIO,SI,BUENA,MÚSICA,MORADO
145,23,3,MASCULINO,23-40,MENOS DE 737.717,SOLTERO (A) SIN HIJOS,SECUNDARIA,ESTUDIO,SI,BUENA,ARTE,MORADO
145,23,3,MASCULINO,23-40,MENOS DE 737.717,SOLTERO (A) SIN HIJOS,SECUNDARIA,ESTUDIO,SI,BUENA,OTROS,MORADO
146,21,2,MASCULINO,15-22,DE 737.718 A 1´475.434,SOLTERO (A) SIN HIJOS,SECUNDARIA,ESTUDIO,SI,BUENA,CONOCIMIENTO,CAFÉ
146,21,2,MASCULINO,15-22,DE 737.718 A 1´475.434,SOLTERO (A) SIN HIJOS,SECUNDARIA,ESTUDIO,SI,BUENA,OTROS,CAFÉ
146,21,2,MASCULINO,15-22,DE 737.718 A 1´475.434,SOLTERO (A) SIN HIJOS,SECUNDARIA,ESTUDIO,SI,BUENA,ARTE,CAFÉ
156,60,5,MASCULINO,56-70,DE 1´475.435 A 2´213.151,CASADO (A) CON HIJOS,PROFESIONAL,TRABAJO,SI,EXCELENTE,ARTE,MORADO
156,60,5,MASCULINO,56-70,DE 1´475.435 A 2´213.151,CASADO (A) CON HIJOS,PROFESIONAL,TRABAJO,SI,EXCELENTE,OTROS,MORADO
156,60,5,MASCULINO,56-70,DE 1´475.435 A 2´213.151,CASADO (A) CON HIJOS,PROFESIONAL,TRABAJO,SI,EXCELENTE,MÚSICA,MORADO
163,19,4,MASCULINO,15-22,DE 737.718 A 1´475.434,SOLTERO (A) SIN HIJOS,SECUNDARIA,ESTUDIO,SI,REGULAR,ARTE,AZUL
163,19,4,MASCULINO,15-22,DE 737.718 A 1´475.434,SOLTERO (A) SIN HIJOS,SECUNDARIA,ESTUDIO,SI,REGULAR,OTROS,AZUL
163,19,4,MASCULINO,15-22,DE 737.718 A 1´475.434,SOLTERO (A) SIN HIJOS,SECUNDARIA,ESTUDIO,SI,REGULAR,MÚSICA,AZUL
165,47,3,MASCULINO,41-55,3´688.586 O MÁS,SEPARADO (A) SIN HIJOS,POSTGRADO,ESTUDIO Y TRABAJO,SI,ACEPTABLE,OTROS,AMARILLO
165,47,3,MASCULINO,41-55,3´688.586 O MÁS,SEPARADO (A) SIN HIJOS,POSTGRADO,ESTUDIO Y TRABAJO,SI,ACEPTABLE,OTROS,AMARILLO
165,47,3,MASCULINO,41-55,3´688.586 O MÁS,SEPARADO (A) SIN HIJOS,POSTGRADO,ESTUDIO Y TRABAJO,SI,ACEPTABLE,DIVERSIDAD.,AMARILLO
166,2,5,MASCULINO,23-40,DE 2´950.869 A 3´688.585,UNIÓN LIBRE SIN HIJOS,PROFESIONAL,TRABAJO,SI,ACEPTABLE,OTROS,ROJO
166,2,5,MASCULINO,23-40,DE 2´950.869 A 3´688.585,UNIÓN LIBRE SIN HIJOS,PROFESIONAL,TRABAJO,SI,ACEPTABLE,OTROS,ROJO
166,2,5,MASCULINO,23-40,DE 2´950.869 A 3´688.585,UNIÓN LIBRE SIN HIJOS,PROFESIONAL,TRABAJO,SI,ACEPTABLE,OTROS,ROJO
167,30,3,MASCULINO,23-40,DE 737.718 A 1´475.434,SOLTERO (A) CON HIJOS,POSTGRADO,TRABAJO,SI,DEFICIENTE,OTROS,ROJO
167,30,3,MASCULINO,23-40,DE 737.718 A 1´475.434,SOLTERO (A) CON HIJOS,POSTGRADO,TRABAJO,SI,DEFICIENTE,MÚSICA,ROJO
167,30,3,MASCULINO,23-40,DE 737.718 A 1´475.434,SOLTERO (A) CON HIJOS,POSTGRADO,TRABAJO,SI,DEFICIENTE,OTROS,ROJO
168,25,3,MASCULINO,23-40,DE 1´475.435 A 2´213.151,SOLTERO (A) SIN HIJOS,PROFESIONAL,TRABAJO,SI,ACEPTABLE,OTROS,NEGRO
168,25,3,MASCULINO,23-40,DE 1´475.435 A 2´213.151,SOLTERO (A) SIN HIJOS,PROFESIONAL,TRABAJO,SI,ACEPTABLE,MÚSICA,NEGRO
168,25,3,MASCULINO,23-40,DE 1´475.435 A 2´213.151,SOLTERO (A) SIN HIJOS,PROFESIONAL,TRABAJO,SI,ACEPTABLE,OTROS,NEGRO
169,31,2,FEMENINO,23-40,MENOS DE 737.717,SOLTERO (A) SIN HIJOS,PROFESIONAL,NINGUNO,SI,BUENA,OTROS,OTROS
169,31,2,FEMENINO,23-40,MENOS DE 737.717,SOLTERO (A) SIN HIJOS,PROFESIONAL,NINGUNO,SI,BUENA,DIVERSIDAD.,OTROS
169,31,2,FEMENINO,23-40,MENOS DE 737.717,SOLTERO (A) SIN HIJOS,PROFESIONAL,NINGUNO,SI,BUENA,OTROS,OTROS
171,20,3,MASCULINO,23-40,MENOS DE 737.717,SOLTERO (A) SIN HIJOS,SECUNDARIA,ESTUDIO,SI,ACEPTABLE,OTROS,AZUL
171,20,3,MASCULINO,23-40,MENOS DE 737.717,SOLTERO (A) SIN HIJOS,SECUNDARIA,ESTUDIO,SI,ACEPTABLE,OTROS,AZUL
171,20,3,MASCULINO,23-40,MENOS DE 737.717,SOLTERO (A) SIN HIJOS,SECUNDARIA,ESTUDIO,SI,ACEPTABLE,OTROS,AZUL
172,30,3,MASCULINO,56-70,3´688.586 O MÁS,SEPARADO (A) SIN HIJOS,POSTGRADO,TRABAJO,SI,REGULAR,OTROS,AMARILLO
172,30,3,MASCULINO,56-70,3´688.586 O MÁS,SEPARADO (A) SIN HIJOS,POSTGRADO,TRABAJO,SI,REGULAR,DIVERSIDAD.,AMARILLO
172,30,3,MASCULINO,56-70,3´688.586 O MÁS,SEPARADO (A) SIN HIJOS,POSTGRADO,TRABAJO,SI,REGULAR,OTROS,AMARILLO
173,5,3,FEMENINO,15-22,MENOS DE 737.717,SOLTERO (A) SIN HIJOS,SECUNDARIA,ESTUDIO Y TRABAJO,SI,ACEPTABLE,ARTE,AZUL
173,5,3,FEMENINO,15-22,MENOS DE 737.717,SOLTERO (A) SIN HIJOS,SECUNDARIA,ESTUDIO Y TRABAJO,SI,ACEPTABLE,OTROS,AZUL
173,5,3,FEMENINO,15-22,MENOS DE 737.717,SOLTERO (A) SIN HIJOS,SECUNDARIA,ESTUDIO Y TRABAJO,SI,ACEPTABLE,OTROS,AZUL
174,7,6,MASCULINO,15-22,DE 737.718 A 1´475.434,SOLTERO (A) SIN HIJOS,SECUNDARIA,ESTUDIO,SI,REGULAR,OTROS,AZUL
174,7,6,MASCULINO,15-22,DE 737.718 A 1´475.434,SOLTERO (A) SIN HIJOS,SECUNDARIA,ESTUDIO,SI,REGULAR,CONOCIMIENTO,AZUL
174,7,6,MASCULINO,15-22,DE 737.718 A 1´475.434,SOLTERO (A) SIN HIJOS,SECUNDARIA,ESTUDIO,SI,REGULAR,OTROS,AZUL
176,60,4,MASCULINO,71 O MÁS,DE 2´950.869 A 3´688.585,CASADO (A) CON HIJOS,SECUNDARIA,NINGUNO,SI,BUENA,OTROS,NEGRO
176,60,4,MASCULINO,71 O MÁS,DE 2´950.869 A 3´688.585,CASADO (A) CON HIJOS,SECUNDARIA,NINGUNO,SI,BUENA,OTROS,NEGRO
176,60,4,MASCULINO,71 O MÁS,DE 2´950.869 A 3´688.585,CASADO (A) CON HIJOS,SECUNDARIA,NINGUNO,SI,BUENA,OTROS,NEGRO
178,3,3,FEMENINO,23-40,DE 737.718 A 1´475.434,UNIÓN LIBRE SIN HIJOS,PROFESIONAL,ESTUDIO Y TRABAJO,SI,REGULAR,TRADICIONES,ROJO
178,3,3,FEMENINO,23-40,DE 737.718 A 1´475.434,UNIÓN LIBRE SIN HIJOS,PROFESIONAL,ESTUDIO Y TRABAJO,SI,REGULAR,TRADICIONES,ROJO
178,3,3,FEMENINO,23-40,DE 737.718 A 1´475.434,UNIÓN LIBRE SIN HIJOS,PROFESIONAL,ESTUDIO Y TRABAJO,SI,REGULAR,OTROS,ROJO
180,38,2,MASCULINO,23-40,3´688.586 O MÁS,UNIÓN LIBRE CON HIJOS,TECNOLOGO,ESTUDIO Y TRABAJO,SI,BUENA,OTROS,GRIS
180,38,2,MASCULINO,23-40,3´688.586 O MÁS,UNIÓN LIBRE CON HIJOS,TECNOLOGO,ESTUDIO Y TRABAJO,SI,BUENA,OTROS,GRIS
180,38,2,MASCULINO,23-40,3´688.586 O MÁS,UNIÓN LIBRE CON HIJOS,TECNOLOGO,ESTUDIO Y TRABAJO,SI,BUENA,OTROS,GRIS
182,22,2,FEMENINO,15-22,DE 737.718 A 1´475.434,SOLTERO (A) SIN HIJOS,TECNOLOGO,ESTUDIO Y TRABAJO,SI,REGULAR,ALEGRIA,VERDE
182,22,2,FEMENINO,15-22,DE 737.718 A 1´475.434,SOLTERO (A) SIN HIJOS,TECNOLOGO,ESTUDIO Y TRABAJO,SI,REGULAR,OTROS,VERDE
182,22,2,FEMENINO,15-22,DE 737.718 A 1´475.434,SOLTERO (A) SIN HIJOS,TECNOLOGO,ESTUDIO Y TRABAJO,SI,REGULAR,CONOCIMIENTO,VERDE
184,12,3,MASCULINO,15-22,MENOS DE 737.717,SOLTERO (A) SIN HIJOS,SECUNDARIA,ESTUDIO,SI,REGULAR,OTROS,AMARILLO
184,12,3,MASCULINO,15-22,MENOS DE 737.717,SOLTERO (A) SIN HIJOS,SECUNDARIA,ESTUDIO,SI,REGULAR,OTROS,AMARILLO
184,12,3,MASCULINO,15-22,MENOS DE 737.717,SOLTERO (A) SIN HIJOS,SECUNDARIA,ESTUDIO,SI,REGULAR,TRADICIONES,AMARILLO
186,20,3,FEMENINO,15-22,MENOS DE 737.717,SOLTERO (A) SIN HIJOS,SECUNDARIA,ESTUDIO,SI,ACEPTABLE,OTROS,VERDE
186,20,3,FEMENINO,15-22,MENOS DE 737.717,SOLTERO (A) SIN HIJOS,SECUNDARIA,ESTUDIO,SI,ACEPTABLE,TEATROS,VERDE
186,20,3,FEMENINO,15-22,MENOS DE 737.717,SOLTERO (A) SIN HIJOS,SECUNDARIA,ESTUDIO,SI,ACEPTABLE,TRADICIONES,VERDE
187,21,3,FEMENINO,23-40,MENOS DE 737.717,SOLTERO (A) SIN HIJOS,PROFESIONAL,ESTUDIO,SI,REGULAR,OTROS,VERDE
187,21,3,FEMENINO,23-40,MENOS DE 737.717,SOLTERO (A) SIN HIJOS,PROFESIONAL,ESTUDIO,SI,REGULAR,DIVERSIDAD.,VERDE
187,21,3,FEMENINO,23-40,MENOS DE 737.717,SOLTERO (A) SIN HIJOS,PROFESIONAL,ESTUDIO,SI,REGULAR,OTROS,VERDE
189,21,4,MASCULINO,23-40,MENOS DE 737.717,SOLTERO (A) SIN HIJOS,SECUNDARIA,ESTUDIO,SI,REGULAR,OTROS,ROJO
189,21,4,MASCULINO,23-40,MENOS DE 737.717,SOLTERO (A) SIN HIJOS,SECUNDARIA,ESTUDIO,SI,REGULAR,OTROS,ROJO
189,21,4,MASCULINO,23-40,MENOS DE 737.717,SOLTERO (A) SIN HIJOS,SECUNDARIA,ESTUDIO,SI,REGULAR,OTROS,ROJO
191,21,3,MASCULINO,15-22,NO PERCIBE INGRESOS,SOLTERO (A) SIN HIJOS,PROFESIONAL,ESTUDIO,SI,ACEPTABLE,ARTE,ROJO
191,21,3,MASCULINO,15-22,NO PERCIBE INGRESOS,SOLTERO (A) SIN HIJOS,PROFESIONAL,ESTUDIO,SI,ACEPTABLE,ARTE,ROJO
191,21,3,MASCULINO,15-22,NO PERCIBE INGRESOS,SOLTERO (A) SIN HIJOS,PROFESIONAL,ESTUDIO,SI,ACEPTABLE,DIVERSIDAD.,ROJO
192,3,4,FEMENINO,15-22,MENOS DE 737.717,SOLTERO (A) SIN HIJOS,SECUNDARIA,ESTUDIO,SI,REGULAR,MÚSICA,NARANJA
192,3,4,FEMENINO,15-22,MENOS DE 737.717,SOLTERO (A) SIN HIJOS,SECUNDARIA,ESTUDIO,SI,REGULAR,MÚSICA,NARANJA
192,3,4,FEMENINO,15-22,MENOS DE 737.717,SOLTERO (A) SIN HIJOS,SECUNDARIA,ESTUDIO,SI,REGULAR,ARTE,NARANJA
194,28,4,FEMENINO,23-40,DE 1´475.435 A 2´213.151,UNIÓN LIBRE CON HIJOS,SECUNDARIA,TRABAJO,SI,REGULAR,OTROS,AMARILLO
194,28,4,FEMENINO,23-40,DE 1´475.435 A 2´213.151,UNIÓN LIBRE CON HIJOS,SECUNDARIA,TRABAJO,SI,REGULAR,OTROS,AMARILLO
194,28,4,FEMENINO,23-40,DE 1´475.435 A 2´213.151,UNIÓN LIBRE CON HIJOS,SECUNDARIA,TRABAJO,SI,REGULAR,OTROS,AMARILLO
195,22,3,MASCULINO,23-40,DE 737.718 A 1´475.434,SOLTERO (A) SIN HIJOS,PROFESIONAL,TRABAJO,SI,REGULAR,OTROS,NEGRO
195,22,3,MASCULINO,23-40,DE 737.718 A 1´475.434,SOLTERO (A) SIN HIJOS,PROFESIONAL,TRABAJO,SI,REGULAR,DIVERSIDAD.,NEGRO
195,22,3,MASCULINO,23-40,DE 737.718 A 1´475.434,SOLTERO (A) SIN HIJOS,PROFESIONAL,TRABAJO,SI,REGULAR,OTROS,NEGRO
197,9,5,MASCULINO,23-40,DE 2´213.152 A 2.950.868,SOLTERO (A) SIN HIJOS,PROFESIONAL,ESTUDIO Y TRABAJO,SI,BUENA,MÚSICA,BLANCO
197,9,5,MASCULINO,23-40,DE 2´213.152 A 2.950.868,SOLTERO (A) SIN HIJOS,PROFESIONAL,ESTUDIO Y TRABAJO,SI,BUENA,ARTE,BLANCO
197,9,5,MASCULINO,23-40,DE 2´213.152 A 2.950.868,SOLTERO (A) SIN HIJOS,PROFESIONAL,ESTUDIO Y TRABAJO,SI,BUENA,OTROS,BLANCO
198,12,5,MASCULINO,23-40,DE 2´213.152 A 2.950.868,SOLTERO (A) SIN HIJOS,PROFESIONAL,ESTUDIO Y TRABAJO,SI,BUENA,MÚSICA,BLANCO
198,12,5,MASCULINO,23-40,DE 2´213.152 A 2.950.868,SOLTERO (A) SIN HIJOS,PROFESIONAL,ESTUDIO Y TRABAJO,SI,BUENA,ARTE,BLANCO
198,12,5,MASCULINO,23-40,DE 2´213.152 A 2.950.868,SOLTERO (A) SIN HIJOS,PROFESIONAL,ESTUDIO Y TRABAJO,SI,BUENA,OTROS,BLANCO
199,11,6,MASCULINO,23-40,DE 2´213.152 A 2.950.868,SOLTERO (A) SIN HIJOS,PROFESIONAL,ESTUDIO Y TRABAJO,SI,BUENA,MÚSICA,BLANCO
199,11,6,MASCULINO,23-40,DE 2´213.152 A 2.950.868,SOLTERO (A) SIN HIJOS,PROFESIONAL,ESTUDIO Y TRABAJO,SI,BUENA,ARTE,BLANCO
199,11,6,MASCULINO,23-40,DE 2´213.152 A 2.950.868,SOLTERO (A) SIN HIJOS,PROFESIONAL,ESTUDIO Y TRABAJO,SI,BUENA,OTROS,BLANCO
200,7,5,FEMENINO,23-40,DE 2´213.152 A 2.950.868,SOLTERO (A) SIN HIJOS,PROFESIONAL,ESTUDIO Y TRABAJO,SI,BUENA,MÚSICA,BLANCO
200,7,5,FEMENINO,23-40,DE 2´213.152 A 2.950.868,SOLTERO (A) SIN HIJOS,PROFESIONAL,ESTUDIO Y TRABAJO,SI,BUENA,ARTE,BLANCO
200,7,5,FEMENINO,23-40,DE 2´213.152 A 2.950.868,SOLTERO (A) SIN HIJOS,PROFESIONAL,ESTUDIO Y TRABAJO,SI,BUENA,OTROS,BLANCO
201,8,5,FEMENINO,23-40,DE 2´213.152 A 2.950.868,SOLTERO (A) SIN HIJOS,PROFESIONAL,ESTUDIO Y TRABAJO,SI,BUENA,MÚSICA,BLANCO
201,8,5,FEMENINO,23-40,DE 2´213.152 A 2.950.868,SOLTERO (A) SIN HIJOS,PROFESIONAL,ESTUDIO Y TRABAJO,SI,BUENA,ARTE,BLANCO
201,8,5,FEMENINO,23-40,DE 2´213.152 A 2.950.868,SOLTERO (A) SIN HIJOS,PROFESIONAL,ESTUDIO Y TRABAJO,SI,BUENA,OTROS,BLANCO
202,10,3,MASCULINO,23-40,DE 737.718 A 1´475.434,SOLTERO (A) SIN HIJOS,TÉCNICO,ESTUDIO Y TRABAJO,SI,REGULAR,OTROS,AMARILLO
202,10,3,MASCULINO,23-40,DE 737.718 A 1´475.434,SOLTERO (A) SIN HIJOS,TÉCNICO,ESTUDIO Y TRABAJO,SI,REGULAR,TEATROS,AMARILLO
202,10,3,MASCULINO,23-40,DE 737.718 A 1´475.434,SOLTERO (A) SIN HIJOS,TÉCNICO,ESTUDIO Y TRABAJO,SI,REGULAR,OTROS,AMARILLO
209,5,2,FEMENINO,15-22,NO PERCIBE INGRESOS,CASADO (A) SIN HIJOS,PROFESIONAL,NINGUNO,SI,REGULAR,EDUCACION,AZUL
209,5,2,FEMENINO,15-22,NO PERCIBE INGRESOS,CASADO (A) SIN HIJOS,PROFESIONAL,NINGUNO,SI,REGULAR,ARTE,AZUL
209,5,2,FEMENINO,15-22,NO PERCIBE INGRESOS,CASADO (A) SIN HIJOS,PROFESIONAL,NINGUNO,SI,REGULAR,MÚSICA,AZUL
211,15,2,FEMENINO,15-22,DE 737.718 A 1´475.434,SOLTERO (A) SIN HIJOS,PROFESIONAL,TRABAJO,SI,ACEPTABLE,EDUCACION,AZUL
211,15,2,FEMENINO,15-22,DE 737.718 A 1´475.434,SOLTERO (A) SIN HIJOS,PROFESIONAL,TRABAJO,SI,ACEPTABLE,OTROS,AZUL
211,15,2,FEMENINO,15-22,DE 737.718 A 1´475.434,SOLTERO (A) SIN HIJOS,PROFESIONAL,TRABAJO,SI,ACEPTABLE,ARTE,AZUL
212,37,3,MASCULINO,41-55,DE 737.718 A 1´475.434,SOLTERO (A) CON HIJOS,PROFESIONAL,NINGUNO,SI,DEFICIENTE,ARTE,VERDE
212,37,3,MASCULINO,41-55,DE 737.718 A 1´475.434,SOLTERO (A) CON HIJOS,PROFESIONAL,NINGUNO,SI,DEFICIENTE,EDUCACION,VERDE
212,37,3,MASCULINO,41-55,DE 737.718 A 1´475.434,SOLTERO (A) CON HIJOS,PROFESIONAL,NINGUNO,SI,DEFICIENTE,CONOCIMIENTO,VERDE
213,25,3,FEMENINO,23-40,DE 2´213.152 A 2.950.868,CASADO (A) CON HIJOS,PROFESIONAL,TRABAJO,SI,ACEPTABLE,OTROS,VERDE
213,25,3,FEMENINO,23-40,DE 2´213.152 A 2.950.868,CASADO (A) CON HIJOS,PROFESIONAL,TRABAJO,SI,ACEPTABLE,CONOCIMIENTO,VERDE
213,25,3,FEMENINO,23-40,DE 2´213.152 A 2.950.868,CASADO (A) CON HIJOS,PROFESIONAL,TRABAJO,SI,ACEPTABLE,OTROS,VERDE
214,23,2,FEMENINO,23-40,DE 737.718 A 1´475.434,SOLTERO (A) CON HIJOS,PROFESIONAL,TRABAJO,SI,DEFICIENTE,EDUCACION,AZUL
214,23,2,FEMENINO,23-40,DE 737.718 A 1´475.434,SOLTERO (A) CON HIJOS,PROFESIONAL,TRABAJO,SI,DEFICIENTE,OTROS,AZUL
214,23,2,FEMENINO,23-40,DE 737.718 A 1´475.434,SOLTERO (A) CON HIJOS,PROFESIONAL,TRABAJO,SI,DEFICIENTE,OTROS,AZUL
215,37,2,FEMENINO,23-40,DE 1´475.435 A 2´213.151,SOLTERO (A) CON HIJOS,PROFESIONAL,TRABAJO,SI,BUENA,OTROS,ROJO
215,37,2,FEMENINO,23-40,DE 1´475.435 A 2´213.151,SOLTERO (A) CON HIJOS,PROFESIONAL,TRABAJO,SI,BUENA,OTROS,ROJO
215,37,2,FEMENINO,23-40,DE 1´475.435 A 2´213.151,SOLTERO (A) CON HIJOS,PROFESIONAL,TRABAJO,SI,BUENA,OTROS,ROJO
217,23,2,FEMENINO,23-40,DE 1´475.435 A 2´213.151,SOLTERO (A) SIN HIJOS,PROFESIONAL,TRABAJO,SI,ACEPTABLE,DIVERSIDAD.,BLANCO
217,23,2,FEMENINO,23-40,DE 1´475.435 A 2´213.151,SOLTERO (A) SIN HIJOS,PROFESIONAL,TRABAJO,SI,ACEPTABLE,OTROS,BLANCO
217,23,2,FEMENINO,23-40,DE 1´475.435 A 2´213.151,SOLTERO (A) SIN HIJOS,PROFESIONAL,TRABAJO,SI,ACEPTABLE,OTROS,BLANCO
218,29,3,MASCULINO,23-40,DE 1´475.435 A 2´213.151,CASADO (A) CON HIJOS,TECNOLOGO,TRABAJO,SI,REGULAR,DIVERSIDAD.,OTROS
218,29,3,MASCULINO,23-40,DE 1´475.435 A 2´213.151,CASADO (A) CON HIJOS,TECNOLOGO,TRABAJO,SI,REGULAR,OTROS,OTROS
218,29,3,MASCULINO,23-40,DE 1´475.435 A 2´213.151,CASADO (A) CON HIJOS,TECNOLOGO,TRABAJO,SI,REGULAR,OTROS,OTROS
219,32,2,MASCULINO,23-40,DE 1´475.435 A 2´213.151,UNIÓN LIBRE CON HIJOS,PROFESIONAL,TRABAJO,SI,REGULAR,OTROS,VERDE
219,32,2,MASCULINO,23-40,DE 1´475.435 A 2´213.151,UNIÓN LIBRE CON HIJOS,PROFESIONAL,TRABAJO,SI,REGULAR,EDUCACION,VERDE
219,32,2,MASCULINO,23-40,DE 1´475.435 A 2´213.151,UNIÓN LIBRE CON HIJOS,PROFESIONAL,TRABAJO,SI,REGULAR,OTROS,VERDE
220,6,2,MASCULINO,23-40,DE 1´475.435 A 2´213.151,SOLTERO (A) SIN HIJOS,TECNOLOGO,TRABAJO,SI,REGULAR,OTROS,VERDE
220,6,2,MASCULINO,23-40,DE 1´475.435 A 2´213.151,SOLTERO (A) SIN HIJOS,TECNOLOGO,TRABAJO,SI,REGULAR,OTROS,VERDE
220,6,2,MASCULINO,23-40,DE 1´475.435 A 2´213.151,SOLTERO (A) SIN HIJOS,TECNOLOGO,TRABAJO,SI,REGULAR,TEATROS,VERDE
221,5,2,MASCULINO,15-22,MENOS DE 737.717,SOLTERO (A) SIN HIJOS,SECUNDARIA,TRABAJO,SI,ACEPTABLE,OTROS,OTROS
221,5,2,MASCULINO,15-22,MENOS DE 737.717,SOLTERO (A) SIN HIJOS,SECUNDARIA,TRABAJO,SI,ACEPTABLE,DIVERSIDAD.,OTROS
221,5,2,MASCULINO,15-22,MENOS DE 737.717,SOLTERO (A) SIN HIJOS,SECUNDARIA,TRABAJO,SI,ACEPTABLE,TRADICIONES,OTROS
222,23,3,MASCULINO,23-40,DE 737.718 A 1´475.434,SOLTERO (A) CON HIJOS,SECUNDARIA,ESTUDIO,SI,ACEPTABLE,MÚSICA,NARANJA
222,23,3,MASCULINO,23-40,DE 737.718 A 1´475.434,SOLTERO (A) CON HIJOS,SECUNDARIA,ESTUDIO,SI,ACEPTABLE,OTROS,NARANJA
222,23,3,MASCULINO,23-40,DE 737.718 A 1´475.434,SOLTERO (A) CON HIJOS,SECUNDARIA,ESTUDIO,SI,ACEPTABLE,ARTE,NARANJA
223,2,3,FEMENINO,15-22,DE 737.718 A 1´475.434,SOLTERO (A) SIN HIJOS,SECUNDARIA,TRABAJO,SI,BUENA,MÚSICA,NEGRO
223,2,3,FEMENINO,15-22,DE 737.718 A 1´475.434,SOLTERO (A) SIN HIJOS,SECUNDARIA,TRABAJO,SI,BUENA,OTROS,NEGRO
223,2,3,FEMENINO,15-22,DE 737.718 A 1´475.434,SOLTERO (A) SIN HIJOS,SECUNDARIA,TRABAJO,SI,BUENA,OTROS,NEGRO
225,24,4,FEMENINO,23-40,DE 1´475.435 A 2´213.151,SOLTERO (A) SIN HIJOS,PROFESIONAL,ESTUDIO Y TRABAJO,SI,ACEPTABLE,MÚSICA,CAFÉ
225,24,4,FEMENINO,23-40,DE 1´475.435 A 2´213.151,SOLTERO (A) SIN HIJOS,PROFESIONAL,ESTUDIO Y TRABAJO,SI,ACEPTABLE,OTROS,CAFÉ
225,24,4,FEMENINO,23-40,DE 1´475.435 A 2´213.151,SOLTERO (A) SIN HIJOS,PROFESIONAL,ESTUDIO Y TRABAJO,SI,ACEPTABLE,OTROS,CAFÉ
226,27,2,FEMENINO,23-40,DE 1´475.435 A 2´213.151,SOLTERO (A) CON HIJOS,PROFESIONAL,TRABAJO,SI,BUENA,OTROS,VERDE
226,27,2,FEMENINO,23-40,DE 1´475.435 A 2´213.151,SOLTERO (A) CON HIJOS,PROFESIONAL,TRABAJO,SI,BUENA,TEATROS,VERDE
226,27,2,FEMENINO,23-40,DE 1´475.435 A 2´213.151,SOLTERO (A) CON HIJOS,PROFESIONAL,TRABAJO,SI,BUENA,OTROS,VERDE
227,10,3,FEMENINO,23-40,DE 2´213.152 A 2.950.868,SOLTERO (A) SIN HIJOS,PROFESIONAL,TRABAJO,SI,BUENA,OTROS,AMARILLO
227,10,3,FEMENINO,23-40,DE 2´213.152 A 2.950.868,SOLTERO (A) SIN HIJOS,PROFESIONAL,TRABAJO,SI,BUENA,OTROS,AMARILLO
227,10,3,FEMENINO,23-40,DE 2´213.152 A 2.950.868,SOLTERO (A) SIN HIJOS,PROFESIONAL,TRABAJO,SI,BUENA,OTROS,AMARILLO
229,20,4,FEMENINO,23-40,DE 2´213.152 A 2.950.868,UNIÓN LIBRE CON HIJOS,PROFESIONAL,TRABAJO,SI,ACEPTABLE,OTROS,NARANJA
229,20,4,FEMENINO,23-40,DE 2´213.152 A 2.950.868,UNIÓN LIBRE CON HIJOS,PROFESIONAL,TRABAJO,SI,ACEPTABLE,OTROS,NARANJA
229,20,4,FEMENINO,23-40,DE 2´213.152 A 2.950.868,UNIÓN LIBRE CON HIJOS,PROFESIONAL,TRABAJO,SI,ACEPTABLE,MÚSICA,NARANJA
231,23,2,FEMENINO,23-40,DE 737.718 A 1´475.434,CASADO (A) SIN HIJOS,TECNOLOGO,TRABAJO,SI,REGULAR,OTROS,MORADO
231,23,2,FEMENINO,23-40,DE 737.718 A 1´475.434,CASADO (A) SIN HIJOS,TECNOLOGO,TRABAJO,SI,REGULAR,TEATROS,MORADO
231,23,2,FEMENINO,23-40,DE 737.718 A 1´475.434,CASADO (A) SIN HIJOS,TECNOLOGO,TRABAJO,SI,REGULAR,OTROS,MORADO
232,26,3,FEMENINO,23-40,NO PERCIBE INGRESOS,SOLTERO (A) CON HIJOS,SECUNDARIA,HOGAR,SI,ACEPTABLE,EDUCACION,VERDE
232,26,3,FEMENINO,23-40,NO PERCIBE INGRESOS,SOLTERO (A) CON HIJOS,SECUNDARIA,HOGAR,SI,ACEPTABLE,OTROS,VERDE
232,26,3,FEMENINO,23-40,NO PERCIBE INGRESOS,SOLTERO (A) CON HIJOS,SECUNDARIA,HOGAR,SI,ACEPTABLE,TRADICIONES,VERDE
233,18,3,FEMENINO,15-22,MENOS DE 737.717,SOLTERO (A) SIN HIJOS,SIN ESTUDIOS BÁSICOS,TRABAJO,SI,BUENA,EDUCACION,AZUL
233,18,3,FEMENINO,15-22,MENOS DE 737.717,SOLTERO (A) SIN HIJOS,SIN ESTUDIOS BÁSICOS,TRABAJO,SI,BUENA,TEATROS,AZUL
233,18,3,FEMENINO,15-22,MENOS DE 737.717,SOLTERO (A) SIN HIJOS,SIN ESTUDIOS BÁSICOS,TRABAJO,SI,BUENA,OTROS,AZUL
234,27,3,MASCULINO,23-40,DE 737.718 A 1´475.434,SOLTERO (A) SIN HIJOS,TECNOLOGO,ESTUDIO,SI,ACEPTABLE,EDUCACION,VERDE
234,27,3,MASCULINO,23-40,DE 737.718 A 1´475.434,SOLTERO (A) SIN HIJOS,TECNOLOGO,ESTUDIO,SI,ACEPTABLE,OTROS,VERDE
234,27,3,MASCULINO,23-40,DE 737.718 A 1´475.434,SOLTERO (A) SIN HIJOS,TECNOLOGO,ESTUDIO,SI,ACEPTABLE,OTROS,VERDE
235,20,2,FEMENINO,15-22,MENOS DE 737.717,CASADO (A) CON HIJOS,PROFESIONAL,ESTUDIO,SI,REGULAR,EDUCACION,ROJO
235,20,2,FEMENINO,15-22,MENOS DE 737.717,CASADO (A) CON HIJOS,PROFESIONAL,ESTUDIO,SI,REGULAR,ARTE,ROJO
235,20,2,FEMENINO,15-22,MENOS DE 737.717,CASADO (A) CON HIJOS,PROFESIONAL,ESTUDIO,SI,REGULAR,OTROS,ROJO
236,7,5,FEMENINO,23-40,3´688.586 O MÁS,CASADO (A) CON HIJOS,POSTGRADO,TRABAJO,SI,BUENA,MÚSICA,MARRON
236,7,5,FEMENINO,23-40,3´688.586 O MÁS,CASADO (A) CON HIJOS,POSTGRADO,TRABAJO,SI,BUENA,OTROS,MARRON
236,7,5,FEMENINO,23-40,3´688.586 O MÁS,CASADO (A) CON HIJOS,POSTGRADO,TRABAJO,SI,BUENA,OTROS,MARRON
237,24,3,FEMENINO,23-40,DE 737.718 A 1´475.434,SOLTERO (A) SIN HIJOS,TECNOLOGO,TRABAJO,SI,ACEPTABLE,ARTE,ROJO
237,24,3,FEMENINO,23-40,DE 737.718 A 1´475.434,SOLTERO (A) SIN HIJOS,TECNOLOGO,TRABAJO,SI,ACEPTABLE,OTROS,ROJO
237,24,3,FEMENINO,23-40,DE 737.718 A 1´475.434,SOLTERO (A) SIN HIJOS,TECNOLOGO,TRABAJO,SI,ACEPTABLE,DIVERSIDAD.,ROJO
238,17,4,MASCULINO,15-22,DE 1´475.435 A 2´213.151,SOLTERO (A) CON HIJOS,PROFESIONAL,TRABAJO,SI,ACEPTABLE,MÚSICA,CAFÉ
238,17,4,MASCULINO,15-22,DE 1´475.435 A 2´213.151,SOLTERO (A) CON HIJOS,PROFESIONAL,TRABAJO,SI,ACEPTABLE,OTROS,CAFÉ
238,17,4,MASCULINO,15-22,DE 1´475.435 A 2´213.151,SOLTERO (A) CON HIJOS,PROFESIONAL,TRABAJO,SI,ACEPTABLE,OTROS,CAFÉ
239,10,4,FEMENINO,23-40,DE 2´950.869 A 3´688.585,CASADO (A) CON HIJOS,PROFESIONAL,TRABAJO,SI,ACEPTABLE,OTROS,NEGRO
239,10,4,FEMENINO,23-40,DE 2´950.869 A 3´688.585,CASADO (A) CON HIJOS,PROFESIONAL,TRABAJO,SI,ACEPTABLE,MÚSICA,NEGRO
239,10,4,FEMENINO,23-40,DE 2´950.869 A 3´688.585,CASADO (A) CON HIJOS,PROFESIONAL,TRABAJO,SI,ACEPTABLE,EXPOSICIONES,NEGRO
240,15,4,FEMENINO,23-40,DE 2´950.869 A 3´688.585,CASADO (A) CON HIJOS,PROFESIONAL,TRABAJO,SI,BUENA,OTROS,ROJO
240,15,4,FEMENINO,23-40,DE 2´950.869 A 3´688.585,CASADO (A) CON HIJOS,PROFESIONAL,TRABAJO,SI,BUENA,TEATROS,ROJO
240,15,4,FEMENINO,23-40,DE 2´950.869 A 3´688.585,CASADO (A) CON HIJOS,PROFESIONAL,TRABAJO,SI,BUENA,OTROS,ROJO
242,16,4,FEMENINO,23-40,DE 2´213.152 A 2.950.868,SOLTERO (A) SIN HIJOS,PROFESIONAL,TRABAJO,SI,ACEPTABLE,OTROS,ROJO
242,16,4,FEMENINO,23-40,DE 2´213.152 A 2.950.868,SOLTERO (A) SIN HIJOS,PROFESIONAL,TRABAJO,SI,ACEPTABLE,EDUCACION,ROJO
242,16,4,FEMENINO,23-40,DE 2´213.152 A 2.950.868,SOLTERO (A) SIN HIJOS,PROFESIONAL,TRABAJO,SI,ACEPTABLE,OTROS,ROJO
243,30,4,FEMENINO,23-40,DE 2´213.152 A 2.950.868,UNIÓN LIBRE CON HIJOS,PROFESIONAL,TRABAJO,SI,BUENA,TEATROS,MORADO
243,30,4,FEMENINO,23-40,DE 2´213.152 A 2.950.868,UNIÓN LIBRE CON HIJOS,PROFESIONAL,TRABAJO,SI,BUENA,MÚSICA,MORADO
243,30,4,FEMENINO,23-40,DE 2´213.152 A 2.950.868,UNIÓN LIBRE CON HIJOS,PROFESIONAL,TRABAJO,SI,BUENA,OTROS,MORADO
245,40,4,FEMENINO,56-70,DE 2´950.869 A 3´688.585,VIUDO (A) CON HIJOS,PROFESIONAL,TRABAJO,SI,BUENA,OTROS,MARRON
245,40,4,FEMENINO,56-70,DE 2´950.869 A 3´688.585,VIUDO (A) CON HIJOS,PROFESIONAL,TRABAJO,SI,BUENA,OTROS,MARRON
245,40,4,FEMENINO,56-70,DE 2´950.869 A 3´688.585,VIUDO (A) CON HIJOS,PROFESIONAL,TRABAJO,SI,BUENA,TEATROS,MARRON
247,12,4,MASCULINO,23-40,DE 2´950.869 A 3´688.585,CASADO (A) CON HIJOS,PROFESIONAL,TRABAJO,SI,REGULAR,ARTE,VERDE
247,12,4,MASCULINO,23-40,DE 2´950.869 A 3´688.585,CASADO (A) CON HIJOS,PROFESIONAL,TRABAJO,SI,REGULAR,DIVERSIDAD.,VERDE
247,12,4,MASCULINO,23-40,DE 2´950.869 A 3´688.585,CASADO (A) CON HIJOS,PROFESIONAL,TRABAJO,SI,REGULAR,OTROS,VERDE
251,20,2,FEMENINO,15-22,MENOS DE 737.717,SOLTERO (A) SIN HIJOS,TÉCNICO,ESTUDIO Y TRABAJO,SI,ACEPTABLE,OTROS,NARANJA
251,20,2,FEMENINO,15-22,MENOS DE 737.717,SOLTERO (A) SIN HIJOS,TÉCNICO,ESTUDIO Y TRABAJO,SI,ACEPTABLE,OTROS,NARANJA
251,20,2,FEMENINO,15-22,MENOS DE 737.717,SOLTERO (A) SIN HIJOS,TÉCNICO,ESTUDIO Y TRABAJO,SI,ACEPTABLE,OTROS,NARANJA
253,19,2,MASCULINO,15-22,MENOS DE 737.717,SOLTERO (A) SIN HIJOS,TECNOLOGO,ESTUDIO Y TRABAJO,SI,REGULAR,OTROS,AMARILLO
253,19,2,MASCULINO,15-22,MENOS DE 737.717,SOLTERO (A) SIN HIJOS,TECNOLOGO,ESTUDIO Y TRABAJO,SI,REGULAR,OTROS,AMARILLO
253,19,2,MASCULINO,15-22,MENOS DE 737.717,SOLTERO (A) SIN HIJOS,TECNOLOGO,ESTUDIO Y TRABAJO,SI,REGULAR,OTROS,AMARILLO
256,40,3,FEMENINO,41-55,NO PERCIBE INGRESOS,CASADO (A) CON HIJOS,SECUNDARIA,HOGAR,SI,ACEPTABLE,OTROS,ROJO
256,40,3,FEMENINO,41-55,NO PERCIBE INGRESOS,CASADO (A) CON HIJOS,SECUNDARIA,HOGAR,SI,ACEPTABLE,OTROS,ROJO
256,40,3,FEMENINO,41-55,NO PERCIBE INGRESOS,CASADO (A) CON HIJOS,SECUNDARIA,HOGAR,SI,ACEPTABLE,OTROS,ROJO
259,19,3,FEMENINO,15-22,MENOS DE 737.717,SOLTERO (A) SIN HIJOS,SECUNDARIA,ESTUDIO Y TRABAJO,SI,REGULAR,CONOCIMIENTO,AMARILLO
259,19,3,FEMENINO,15-22,MENOS DE 737.717,SOLTERO (A) SIN HIJOS,SECUNDARIA,ESTUDIO Y TRABAJO,SI,REGULAR,OTROS,AMARILLO
259,19,3,FEMENINO,15-22,MENOS DE 737.717,SOLTERO (A) SIN HIJOS,SECUNDARIA,ESTUDIO Y TRABAJO,SI,REGULAR,OTROS,AMARILLO
261,20,2,MASCULINO,15-22,DE 737.718 A 1´475.434,SOLTERO (A) SIN HIJOS,TÉCNICO,TRABAJO,SI,REGULAR,ARTE,ROJO
261,20,2,MASCULINO,15-22,DE 737.718 A 1´475.434,SOLTERO (A) SIN HIJOS,TÉCNICO,TRABAJO,SI,REGULAR,MÚSICA,ROJO
261,20,2,MASCULINO,15-22,DE 737.718 A 1´475.434,SOLTERO (A) SIN HIJOS,TÉCNICO,TRABAJO,SI,REGULAR,OTROS,ROJO
267,5,4,FEMENINO,23-40,MENOS DE 737.717,CASADO (A) CON HIJOS,PROFESIONAL,ESTUDIO,SI,REGULAR,OTROS,AMARILLO
267,5,4,FEMENINO,23-40,MENOS DE 737.717,CASADO (A) CON HIJOS,PROFESIONAL,ESTUDIO,SI,REGULAR,ARTE,AMARILLO
267,5,4,FEMENINO,23-40,MENOS DE 737.717,CASADO (A) CON HIJOS,PROFESIONAL,ESTUDIO,SI,REGULAR,MÚSICA,AMARILLO
272,21,3,FEMENINO,15-22,MENOS DE 737.717,SOLTERO (A) SIN HIJOS,TECNOLOGO,ESTUDIO Y TRABAJO,SI,ACEPTABLE,CONOCIMIENTO,VERDE
272,21,3,FEMENINO,15-22,MENOS DE 737.717,SOLTERO (A) SIN HIJOS,TECNOLOGO,ESTUDIO Y TRABAJO,SI,ACEPTABLE,OTROS,VERDE
272,21,3,FEMENINO,15-22,MENOS DE 737.717,SOLTERO (A) SIN HIJOS,TECNOLOGO,ESTUDIO Y TRABAJO,SI,ACEPTABLE,OTROS,VERDE
274,25,6,FEMENINO,23-40,DE 2´213.152 A 2.950.868,SOLTERO (A) CON HIJOS,PROFESIONAL,TRABAJO,SI,ACEPTABLE,OTROS,VERDE
274,25,6,FEMENINO,23-40,DE 2´213.152 A 2.950.868,SOLTERO (A) CON HIJOS,PROFESIONAL,TRABAJO,SI,ACEPTABLE,EDUCACION,VERDE
274,25,6,FEMENINO,23-40,DE 2´213.152 A 2.950.868,SOLTERO (A) CON HIJOS,PROFESIONAL,TRABAJO,SI,ACEPTABLE,OTROS,VERDE
285,21,2,MASCULINO,15-22,MENOS DE 737.717,SOLTERO (A) SIN HIJOS,SECUNDARIA,ESTUDIO,SI,REGULAR,MÚSICA,NARANJA
285,21,2,MASCULINO,15-22,MENOS DE 737.717,SOLTERO (A) SIN HIJOS,SECUNDARIA,ESTUDIO,SI,REGULAR,OTROS,NARANJA
285,21,2,MASCULINO,15-22,MENOS DE 737.717,SOLTERO (A) SIN HIJOS,SECUNDARIA,ESTUDIO,SI,REGULAR,OTROS,NARANJA
286,40,3,FEMENINO,23-40,DE 1´475.435 A 2´213.151,SEPARADO (A) CON HIJOS,PROFESIONAL,TRABAJO,SI,REGULAR,OTROS,AZUL
286,40,3,FEMENINO,23-40,DE 1´475.435 A 2´213.151,SEPARADO (A) CON HIJOS,PROFESIONAL,TRABAJO,SI,REGULAR,OTROS,AZUL
286,40,3,FEMENINO,23-40,DE 1´475.435 A 2´213.151,SEPARADO (A) CON HIJOS,PROFESIONAL,TRABAJO,SI,REGULAR,OTROS,AZUL
293,2,3,MASCULINO,23-40,NO PERCIBE INGRESOS,SOLTERO (A) SIN HIJOS,TECNOLOGO,ESTUDIO,SI,REGULAR,MÚSICA,AZUL
293,2,3,MASCULINO,23-40,NO PERCIBE INGRESOS,SOLTERO (A) SIN HIJOS,TECNOLOGO,ESTUDIO,SI,REGULAR,OTROS,AZUL
293,2,3,MASCULINO,23-40,NO PERCIBE INGRESOS,SOLTERO (A) SIN HIJOS,TECNOLOGO,ESTUDIO,SI,REGULAR,OTROS,AZUL
296,20,3,MASCULINO,15-22,NO PERCIBE INGRESOS,SOLTERO (A) SIN HIJOS,PROFESIONAL,ESTUDIO,SI,REGULAR,OTROS,AMARILLO
296,20,3,MASCULINO,15-22,NO PERCIBE INGRESOS,SOLTERO (A) SIN HIJOS,PROFESIONAL,ESTUDIO,SI,REGULAR,DIVERSIDAD.,AMARILLO
296,20,3,MASCULINO,15-22,NO PERCIBE INGRESOS,SOLTERO (A) SIN HIJOS,PROFESIONAL,ESTUDIO,SI,REGULAR,OTROS,AMARILLO
305,33,3,MASCULINO,23-40,MENOS DE 737.717,SOLTERO (A) SIN HIJOS,POSTGRADO,ESTUDIO,SI,ACEPTABLE,OTROS,AZUL
305,33,3,MASCULINO,23-40,MENOS DE 737.717,SOLTERO (A) SIN HIJOS,POSTGRADO,ESTUDIO,SI,ACEPTABLE,OTROS,AZUL
305,33,3,MASCULINO,23-40,MENOS DE 737.717,SOLTERO (A) SIN HIJOS,POSTGRADO,ESTUDIO,SI,ACEPTABLE,OTROS,AZUL
308,10,2,MASCULINO,23-40,DE 737.718 A 1´475.434,SOLTERO (A) SIN HIJOS,SECUNDARIA,TRABAJO,SI,ACEPTABLE,OTROS,VERDE
308,10,2,MASCULINO,23-40,DE 737.718 A 1´475.434,SOLTERO (A) SIN HIJOS,SECUNDARIA,TRABAJO,SI,ACEPTABLE,ARTE,VERDE
308,10,2,MASCULINO,23-40,DE 737.718 A 1´475.434,SOLTERO (A) SIN HIJOS,SECUNDARIA,TRABAJO,SI,ACEPTABLE,OTROS,VERDE
309,10,5,FEMENINO,23-40,DE 2´213.152 A 2.950.868,SOLTERO (A) SIN HIJOS,POSTGRADO,ESTUDIO Y TRABAJO,SI,REGULAR,OTROS,AMARILLO
309,10,5,FEMENINO,23-40,DE 2´213.152 A 2.950.868,SOLTERO (A) SIN HIJOS,POSTGRADO,ESTUDIO Y TRABAJO,SI,REGULAR,OTROS,AMARILLO
309,10,5,FEMENINO,23-40,DE 2´213.152 A 2.950.868,SOLTERO (A) SIN HIJOS,POSTGRADO,ESTUDIO Y TRABAJO,SI,REGULAR,OTROS,AMARILLO
310,5,3,MASCULINO,23-40,DE 1´475.435 A 2´213.151,UNIÓN LIBRE SIN HIJOS,PROFESIONAL,TRABAJO,SI,REGULAR,DIVERSIDAD.,ROSA
310,5,3,MASCULINO,23-40,DE 1´475.435 A 2´213.151,UNIÓN LIBRE SIN HIJOS,PROFESIONAL,TRABAJO,SI,REGULAR,CONOCIMIENTO,ROSA
310,5,3,MASCULINO,23-40,DE 1´475.435 A 2´213.151,UNIÓN LIBRE SIN HIJOS,PROFESIONAL,TRABAJO,SI,REGULAR,OTROS,ROSA
313,40,4,MASCULINO,56-70,3´688.586 O MÁS,SEPARADO (A) CON HIJOS,POSTGRADO,TRABAJO,SI,REGULAR,OTROS,VERDE
313,40,4,MASCULINO,56-70,3´688.586 O MÁS,SEPARADO (A) CON HIJOS,POSTGRADO,TRABAJO,SI,REGULAR,OTROS,VERDE
313,40,4,MASCULINO,56-70,3´688.586 O MÁS,SEPARADO (A) CON HIJOS,POSTGRADO,TRABAJO,SI,REGULAR,OTROS,VERDE
314,25,2,FEMENINO,23-40,DE 2´950.869 A 3´688.585,SOLTERO (A) SIN HIJOS,POSTGRADO,TRABAJO,SI,BUENA,OTROS,AMARILLO
314,25,2,FEMENINO,23-40,DE 2´950.869 A 3´688.585,SOLTERO (A) SIN HIJOS,POSTGRADO,TRABAJO,SI,BUENA,DIVERSIDAD.,AMARILLO
314,25,2,FEMENINO,23-40,DE 2´950.869 A 3´688.585,SOLTERO (A) SIN HIJOS,POSTGRADO,TRABAJO,SI,BUENA,OTROS,AMARILLO
317,26,4,MASCULINO,23-40,NO PERCIBE INGRESOS,SOLTERO (A) SIN HIJOS,PROFESIONAL,ESTUDIO,SI,ACEPTABLE,OTROS,VERDE
317,26,4,MASCULINO,23-40,NO PERCIBE INGRESOS,SOLTERO (A) SIN HIJOS,PROFESIONAL,ESTUDIO,SI,ACEPTABLE,OTROS,VERDE
317,26,4,MASCULINO,23-40,NO PERCIBE INGRESOS,SOLTERO (A) SIN HIJOS,PROFESIONAL,ESTUDIO,SI,ACEPTABLE,OTROS,VERDE
320,30,3,MASCULINO,23-40,3´688.586 O MÁS,SOLTERO (A) SIN HIJOS,PROFESIONAL,TRABAJO,SI,ACEPTABLE,OTROS,AMARILLO
320,30,3,MASCULINO,23-40,3´688.586 O MÁS,SOLTERO (A) SIN HIJOS,PROFESIONAL,TRABAJO,SI,ACEPTABLE,OTROS,AMARILLO
320,30,3,MASCULINO,23-40,3´688.586 O MÁS,SOLTERO (A) SIN HIJOS,PROFESIONAL,TRABAJO,SI,ACEPTABLE,OTROS,AMARILLO
321,26,3,FEMENINO,23-40,DE 1´475.435 A 2´213.151,SOLTERO (A) SIN HIJOS,PROFESIONAL,TRABAJO,SI,ACEPTABLE,OTROS,AMARILLO
321,26,3,FEMENINO,23-40,DE 1´475.435 A 2´213.151,SOLTERO (A) SIN HIJOS,PROFESIONAL,TRABAJO,SI,ACEPTABLE,MÚSICA,AMARILLO
321,26,3,FEMENINO,23-40,DE 1´475.435 A 2´213.151,SOLTERO (A) SIN HIJOS,PROFESIONAL,TRABAJO,SI,ACEPTABLE,OTROS,AMARILLO
325,26,3,MASCULINO,23-40,DE 2´213.152 A 2.950.868,SOLTERO (A) SIN HIJOS,PROFESIONAL,TRABAJO,SI,REGULAR,OTROS,AZUL
325,26,3,MASCULINO,23-40,DE 2´213.152 A 2.950.868,SOLTERO (A) SIN HIJOS,PROFESIONAL,TRABAJO,SI,REGULAR,OTROS,AZUL
325,26,3,MASCULINO,23-40,DE 2´213.152 A 2.950.868,SOLTERO (A) SIN HIJOS,PROFESIONAL,TRABAJO,SI,REGULAR,OTROS,AZUL
328,24,2,MASCULINO,23-40,DE 1´475.435 A 2´213.151,SOLTERO (A) SIN HIJOS,POSTGRADO,TRABAJO,SI,ACEPTABLE,ARTE,ROJO
328,24,2,MASCULINO,23-40,DE 1´475.435 A 2´213.151,SOLTERO (A) SIN HIJOS,POSTGRADO,TRABAJO,SI,ACEPTABLE,MÚSICA,ROJO
328,24,2,MASCULINO,23-40,DE 1´475.435 A 2´213.151,SOLTERO (A) SIN HIJOS,POSTGRADO,TRABAJO,SI,ACEPTABLE,TEATROS,ROJO
329,40,4,MASCULINO,41-55,3´688.586 O MÁS,CASADO (A) CON HIJOS,POSTGRADO,ESTUDIO Y TRABAJO,SI,REGULAR,OTROS,ROJO
329,40,4,MASCULINO,41-55,3´688.586 O MÁS,CASADO (A) CON HIJOS,POSTGRADO,ESTUDIO Y TRABAJO,SI,REGULAR,OTROS,ROJO
329,40,4,MASCULINO,41-55,3´688.586 O MÁS,CASADO (A) CON HIJOS,POSTGRADO,ESTUDIO Y TRABAJO,SI,REGULAR,MÚSICA,ROJO
330,29,3,FEMENINO,23-40,3´688.586 O MÁS,SOLTERO (A) SIN HIJOS,POSTGRADO,TRABAJO,SI,REGULAR,DIVERSIDAD.,AZUL
330,29,3,FEMENINO,23-40,3´688.586 O MÁS,SOLTERO (A) SIN HIJOS,POSTGRADO,TRABAJO,SI,REGULAR,ARTE,AZUL
330,29,3,FEMENINO,23-40,3´688.586 O MÁS,SOLTERO (A) SIN HIJOS,POSTGRADO,TRABAJO,SI,REGULAR,OTROS,AZUL
331,25,2,MASCULINO,23-40,DE 737.718 A 1´475.434,SOLTERO (A) SIN HIJOS,PROFESIONAL,TRABAJO,SI,REGULAR,OTROS,ROJO
331,25,2,MASCULINO,23-40,DE 737.718 A 1´475.434,SOLTERO (A) SIN HIJOS,PROFESIONAL,TRABAJO,SI,REGULAR,DIVERSIDAD.,ROJO
331,25,2,MASCULINO,23-40,DE 737.718 A 1´475.434,SOLTERO (A) SIN HIJOS,PROFESIONAL,TRABAJO,SI,REGULAR,OTROS,ROJO
333,27,3,MASCULINO,23-40,DE 1´475.435 A 2´213.151,SOLTERO (A) SIN HIJOS,PROFESIONAL,ESTUDIO,SI,REGULAR,OTROS,ROJO
333,27,3,MASCULINO,23-40,DE 1´475.435 A 2´213.151,SOLTERO (A) SIN HIJOS,PROFESIONAL,ESTUDIO,SI,REGULAR,OTROS,ROJO
333,27,3,MASCULINO,23-40,DE 1´475.435 A 2´213.151,SOLTERO (A) SIN HIJOS,PROFESIONAL,ESTUDIO,SI,REGULAR,OTROS,ROJO
340,18,3,FEMENINO,15-22,DE 737.718 A 1´475.434,SOLTERO (A) SIN HIJOS,SECUNDARIA,ESTUDIO,SI,ACEPTABLE,OTROS,CAFÉ
340,18,3,FEMENINO,15-22,DE 737.718 A 1´475.434,SOLTERO (A) SIN HIJOS,SECUNDARIA,ESTUDIO,SI,ACEPTABLE,OTROS,CAFÉ
340,18,3,FEMENINO,15-22,DE 737.718 A 1´475.434,SOLTERO (A) SIN HIJOS,SECUNDARIA,ESTUDIO,SI,ACEPTABLE,OTROS,CAFÉ
341,16,3,MASCULINO,15-22,DE 737.718 A 1´475.434,SOLTERO (A) SIN HIJOS,SECUNDARIA,ESTUDIO,SI,REGULAR,CONOCIMIENTO,CAFÉ
341,16,3,MASCULINO,15-22,DE 737.718 A 1´475.434,SOLTERO (A) SIN HIJOS,SECUNDARIA,ESTUDIO,SI,REGULAR,MÚSICA,CAFÉ
341,16,3,MASCULINO,15-22,DE 737.718 A 1´475.434,SOLTERO (A) SIN HIJOS,SECUNDARIA,ESTUDIO,SI,REGULAR,OTROS,CAFÉ
342,19,3,MASCULINO,15-22,DE 737.718 A 1´475.434,SOLTERO (A) SIN HIJOS,SECUNDARIA,ESTUDIO,SI,BUENA,OTROS,AMARILLO
342,19,3,MASCULINO,15-22,DE 737.718 A 1´475.434,SOLTERO (A) SIN HIJOS,SECUNDARIA,ESTUDIO,SI,BUENA,TEATROS,AMARILLO
342,19,3,MASCULINO,15-22,DE 737.718 A 1´475.434,SOLTERO (A) SIN HIJOS,SECUNDARIA,ESTUDIO,SI,BUENA,OTROS,AMARILLO
347,2,2,FEMENINO,15-22,MENOS DE 737.717,UNIÓN LIBRE CON HIJOS,PROFESIONAL,ESTUDIO,SI,REGULAR,OTROS,VERDE
347,2,2,FEMENINO,15-22,MENOS DE 737.717,UNIÓN LIBRE CON HIJOS,PROFESIONAL,ESTUDIO,SI,REGULAR,DIVERSIDAD.,VERDE
347,2,2,FEMENINO,15-22,MENOS DE 737.717,UNIÓN LIBRE CON HIJOS,PROFESIONAL,ESTUDIO,SI,REGULAR,OTROS,VERDE
355,17,3,FEMENINO,15-22,DE 737.718 A 1´475.434,SOLTERO (A) SIN HIJOS,SECUNDARIA,ESTUDIO Y TRABAJO,SI,ACEPTABLE,CONOCIMIENTO,VERDE
355,17,3,FEMENINO,15-22,DE 737.718 A 1´475.434,SOLTERO (A) SIN HIJOS,SECUNDARIA,ESTUDIO Y TRABAJO,SI,ACEPTABLE,OTROS,VERDE
355,17,3,FEMENINO,15-22,DE 737.718 A 1´475.434,SOLTERO (A) SIN HIJOS,SECUNDARIA,ESTUDIO Y TRABAJO,SI,ACEPTABLE,OTROS,VERDE
362,10,4,FEMENINO,15-22,DE 737.718 A 1´475.434,SOLTERO (A) SIN HIJOS,TÉCNICO,ESTUDIO Y TRABAJO,SI,BUENA,OTROS,CAFÉ
362,10,4,FEMENINO,15-22,DE 737.718 A 1´475.434,SOLTERO (A) SIN HIJOS,TÉCNICO,ESTUDIO Y TRABAJO,SI,BUENA,EDUCACION,CAFÉ
362,10,4,FEMENINO,15-22,DE 737.718 A 1´475.434,SOLTERO (A) SIN HIJOS,TÉCNICO,ESTUDIO Y TRABAJO,SI,BUENA,OTROS,CAFÉ
372,19,3,FEMENINO,15-22,MENOS DE 737.717,SOLTERO (A) SIN HIJOS,SECUNDARIA,ESTUDIO,SI,ACEPTABLE,OTROS,AZUL
372,19,3,FEMENINO,15-22,MENOS DE 737.717,SOLTERO (A) SIN HIJOS,SECUNDARIA,ESTUDIO,SI,ACEPTABLE,MÚSICA,AZUL
372,19,3,FEMENINO,15-22,MENOS DE 737.717,SOLTERO (A) SIN HIJOS,SECUNDARIA,ESTUDIO,SI,ACEPTABLE,OTROS,AZUL
374,2,2,FEMENINO,15-22,DE 737.718 A 1´475.434,SOLTERO (A) SIN HIJOS,PROFESIONAL,ESTUDIO Y TRABAJO,SI,REGULAR,OTROS,ROJO
374,2,2,FEMENINO,15-22,DE 737.718 A 1´475.434,SOLTERO (A) SIN HIJOS,PROFESIONAL,ESTUDIO Y TRABAJO,SI,REGULAR,OTROS,ROJO
374,2,2,FEMENINO,15-22,DE 737.718 A 1´475.434,SOLTERO (A) SIN HIJOS,PROFESIONAL,ESTUDIO Y TRABAJO,SI,REGULAR,ALEGRIA,ROJO
375,21,4,MASCULINO,15-22,DE 1´475.435 A 2´213.151,SOLTERO (A) SIN HIJOS,PROFESIONAL,ESTUDIO Y TRABAJO,SI,ACEPTABLE,OTROS,ROJO
375,21,4,MASCULINO,15-22,DE 1´475.435 A 2´213.151,SOLTERO (A) SIN HIJOS,PROFESIONAL,ESTUDIO Y TRABAJO,SI,ACEPTABLE,OTROS,ROJO
375,21,4,MASCULINO,15-22,DE 1´475.435 A 2´213.151,SOLTERO (A) SIN HIJOS,PROFESIONAL,ESTUDIO Y TRABAJO,SI,ACEPTABLE,ALEGRIA,ROJO
378,21,3,FEMENINO,15-22,NO PERCIBE INGRESOS,SOLTERO (A) SIN HIJOS,SECUNDARIA,ESTUDIO,SI,ACEPTABLE,OTROS,AZUL
378,21,3,FEMENINO,15-22,NO PERCIBE INGRESOS,SOLTERO (A) SIN HIJOS,SECUNDARIA,ESTUDIO,SI,ACEPTABLE,OTROS,AZUL
378,21,3,FEMENINO,15-22,NO PERCIBE INGRESOS,SOLTERO (A) SIN HIJOS,SECUNDARIA,ESTUDIO,SI,ACEPTABLE,OTROS,AZUL
379,21,2,MASCULINO,15-22,NO PERCIBE INGRESOS,SOLTERO (A) SIN HIJOS,PROFESIONAL,ESTUDIO,SI,ACEPTABLE,OTROS,ROJO
379,21,2,MASCULINO,15-22,NO PERCIBE INGRESOS,SOLTERO (A) SIN HIJOS,PROFESIONAL,ESTUDIO,SI,ACEPTABLE,MÚSICA,ROJO
379,21,2,MASCULINO,15-22,NO PERCIBE INGRESOS,SOLTERO (A) SIN HIJOS,PROFESIONAL,ESTUDIO,SI,ACEPTABLE,OTROS,ROJO
384,19,3,FEMENINO,15-22,MENOS DE 737.717,SOLTERO (A) SIN HIJOS,SECUNDARIA,ESTUDIO Y TRABAJO,SI,REGULAR,OTROS,AMARILLO
384,19,3,FEMENINO,15-22,MENOS DE 737.717,SOLTERO (A) SIN HIJOS,SECUNDARIA,ESTUDIO Y TRABAJO,SI,REGULAR,OTROS,AMARILLO
384,19,3,FEMENINO,15-22,MENOS DE 737.717,SOLTERO (A) SIN HIJOS,SECUNDARIA,ESTUDIO Y TRABAJO,SI,REGULAR,OTROS,AMARILLO
385,21,3,FEMENINO,15-22,DE 737.718 A 1´475.434,SOLTERO (A) SIN HIJOS,PROFESIONAL,ESTUDIO,SI,REGULAR,OTROS,NARANJA
385,21,3,FEMENINO,15-22,DE 737.718 A 1´475.434,SOLTERO (A) SIN HIJOS,PROFESIONAL,ESTUDIO,SI,REGULAR,OTROS,NARANJA
385,21,3,FEMENINO,15-22,DE 737.718 A 1´475.434,SOLTERO (A) SIN HIJOS,PROFESIONAL,ESTUDIO,SI,REGULAR,OTROS,NARANJA
388,20,3,MASCULINO,23-40,DE 737.718 A 1´475.434,SOLTERO (A) SIN HIJOS,SECUNDARIA,TRABAJO,SI,REGULAR,OTROS,ROJO
388,20,3,MASCULINO,23-40,DE 737.718 A 1´475.434,SOLTERO (A) SIN HIJOS,SECUNDARIA,TRABAJO,SI,REGULAR,OTROS,ROJO
388,20,3,MASCULINO,23-40,DE 737.718 A 1´475.434,SOLTERO (A) SIN HIJOS,SECUNDARIA,TRABAJO,SI,REGULAR,OTROS,ROJO
389,8,3,FEMENINO,41-55,DE 1´475.435 A 2´213.151,CASADO (A) CON HIJOS,PROFESIONAL,TRABAJO,SI,REGULAR,ARTE,AMARILLO
389,8,3,FEMENINO,41-55,DE 1´475.435 A 2´213.151,CASADO (A) CON HIJOS,PROFESIONAL,TRABAJO,SI,REGULAR,OTROS,AMARILLO
389,8,3,FEMENINO,41-55,DE 1´475.435 A 2´213.151,CASADO (A) CON HIJOS,PROFESIONAL,TRABAJO,SI,REGULAR,OTROS,AMARILLO
390,2,3,MASCULINO,23-40,DE 1´475.435 A 2´213.151,UNIÓN LIBRE CON HIJOS,TECNOLOGO,TRABAJO,SI,BUENA,OTROS,AMARILLO
390,2,3,MASCULINO,23-40,DE 1´475.435 A 2´213.151,UNIÓN LIBRE CON HIJOS,TECNOLOGO,TRABAJO,SI,BUENA,DIVERSIDAD.,AMARILLO
390,2,3,MASCULINO,23-40,DE 1´475.435 A 2´213.151,UNIÓN LIBRE CON HIJOS,TECNOLOGO,TRABAJO,SI,BUENA,ARTE,AMARILLO
392,23,3,FEMENINO,23-40,DE 737.718 A 1´475.434,SOLTERO (A) SIN HIJOS,TÉCNICO,ESTUDIO Y TRABAJO,SI,REGULAR,OTROS,AZUL
392,23,3,FEMENINO,23-40,DE 737.718 A 1´475.434,SOLTERO (A) SIN HIJOS,TÉCNICO,ESTUDIO Y TRABAJO,SI,REGULAR,CONOCIMIENTO,AZUL
392,23,3,FEMENINO,23-40,DE 737.718 A 1´475.434,SOLTERO (A) SIN HIJOS,TÉCNICO,ESTUDIO Y TRABAJO,SI,REGULAR,ARTE,AZUL
393,10,4,FEMENINO,23-40,DE 1´475.435 A 2´213.151,SOLTERO (A) SIN HIJOS,PROFESIONAL,ESTUDIO,SI,BUENA,TRADICIONES,ROJO
393,10,4,FEMENINO,23-40,DE 1´475.435 A 2´213.151,SOLTERO (A) SIN HIJOS,PROFESIONAL,ESTUDIO,SI,BUENA,DIVERSIDAD.,ROJO
393,10,4,FEMENINO,23-40,DE 1´475.435 A 2´213.151,SOLTERO (A) SIN HIJOS,PROFESIONAL,ESTUDIO,SI,BUENA,OTROS,ROJO
